--转义符
Set define OFF;

-- 1.创建使用机构
INSERT INTO SYS_INST (INST_ID_, NAME_CN_, NAME_EN_, BUS_LICE_NO_, INST_NO_, BUS_LICE_FILE_ID_, REG_CODE_FILE_ID_, DOMAIN_, NAME_CN_S_, NAME_EN_S_, LEGAL_MAN_, DESCP_, ADDRESS_, PHONE_, EMAIL_, FAX_, CONTRACTOR_, STATUS_, TENANT_ID_, CREATE_BY_, CREATE_TIME_, UPDATE_BY_, UPDATE_TIME_) VALUES ('1', '红迅软件', 'REDXUN', 'RX00039999', '40093899999', '', '', 'redxun.cn', '红迅软件', 'REDXUN', '黄先生', '', '广州市天河区广园路科华街251号乐天创意园A1栋4002', '020-29026351', 'keitch@redxun.cn', '020-29026352', '陈先生', 'ENABLED', NULL, NULL, NULL, '1', NULL);

-- 2.创建用户组维度
INSERT INTO OS_DIMENSION (DIM_ID_, NAME_, DIM_KEY_, IS_COMPOSE_, IS_SYSTEM_, STATUS_, SN_, SHOW_TYPE_, IS_GRANT_, DESC_, TENANT_ID_, CREATE_BY_, CREATE_TIME_, UPDATE_BY_, UPDATE_TIME_) VALUES ('1', '行政维度', '_ADMIN', 'NO', 'YES', 'ENABLED', 1, 'TREE', 'YES', '管理用户的公司与部门', '0', NULL, NULL, NULL, NULL);
INSERT INTO OS_DIMENSION (DIM_ID_, NAME_, DIM_KEY_, IS_COMPOSE_, IS_SYSTEM_, STATUS_, SN_, SHOW_TYPE_, IS_GRANT_, DESC_, TENANT_ID_, CREATE_BY_, CREATE_TIME_, UPDATE_BY_, UPDATE_TIME_) VALUES ('2', '角色', '_ROLE', 'NO', 'YES', 'ENABLED', 1, 'FLAT', 'YES', '系统的用户角色', '0', NULL, NULL, NULL, NULL);
INSERT INTO OS_DIMENSION (DIM_ID_, NAME_, DIM_KEY_, IS_COMPOSE_, IS_SYSTEM_, STATUS_, SN_, SHOW_TYPE_, IS_GRANT_, DESC_, TENANT_ID_, CREATE_BY_, CREATE_TIME_, UPDATE_BY_, UPDATE_TIME_) VALUES ('3', '职务', '_POS', 'NO', 'YES', 'ENABLED', 1, 'TREE', 'YES', '管理用户的职务', '0', NULL, NULL, NULL, NULL);


-- 3.创建维度等级
insert into os_rank_type(id_,dim_id_,name_,key_,level_,tenant_id_)
values('1','1','集团','GROUP',1,'1');

insert into os_rank_type(id_,dim_id_,name_,key_,level_,tenant_id_)
values('2','1','分公司','COMPANY',2,'1');

insert into os_rank_type(id_,dim_id_,name_,key_,level_,tenant_id_)
values('3','1','部门','DEPARTMENT',3,'1');

insert into os_rank_type(id_,dim_id_,name_,key_,level_,tenant_id_)
values('4','1','组','GP',4,'1');

-- 4.创建用户组
insert into os_group (group_id_,dim_id_,name_,key_,rank_level_,status_,descp_,sn_,parent_id_,depth_,path_,childs_)
values('1','1','红迅集团','REDXUN-GROUP','1','ENABLED','集团',1,0,1,'0.1.',0);

-- 5.创建管理员用户
insert into os_user(user_id_,fullname_,status_,from_,mobile_,email_,address_,sex_,user_no_,tenant_id_)
values('1','管理员','IN_JOB','SYSTEM','138001231230','admin@redxun.cn','广州天河','Male','admin',1);

-- 6.创建管理员关联的登录账号
insert into sys_account(account_id_,name_,pwd_,enc_type_,fullname_,user_id_,status_,tenant_id_)
values('1','admin@redxun.cn','1','NONE','张三','1','ENABLED',1);

-- 7.子系统初始化
INSERT INTO SYS_SUBSYS (SYS_ID_, NAME_, KEY_, LOGO_, IS_DEFAULT_, HOME_URL_, STATUS_, DESCP_, ICON_CLS_, SN_, IS_SAAS_, TENANT_ID_, CREATE_BY_, CREATE_TIME_, UPDATE_BY_, UPDATE_TIME_)
values ('100001','协同系统','BASE_SYS','20000000472093','YES','/base/index.do','ENABLED','基础子系统，管理系统基础参数配置','icon-Office-collaboration',0,'YES',1,1,NULL,NULL,NULL);

INSERT INTO SYS_SUBSYS (SYS_ID_, NAME_, KEY_, LOGO_, IS_DEFAULT_, HOME_URL_, STATUS_, DESCP_, ICON_CLS_, SN_, IS_SAAS_, TENANT_ID_, CREATE_BY_, CREATE_TIME_, UPDATE_BY_, UPDATE_TIME_)
values ('20000000050001','帮助系统','HelpSystem','20000000634058','NO','/index.do','ENABLED','','icon-Help-configure',5,'NO',1,1,NULL,NULL,NULL);

INSERT INTO SYS_SUBSYS (SYS_ID_, NAME_, KEY_, LOGO_, IS_DEFAULT_, HOME_URL_, STATUS_, DESCP_, ICON_CLS_, SN_, IS_SAAS_, TENANT_ID_, CREATE_BY_, CREATE_TIME_, UPDATE_BY_, UPDATE_TIME_)
values ('210000000418000','知识子系统','kownSys','20000000634176','YES','/base/index.do','ENABLED','','icon-Knowledge-subsystem',2,'YES',1,1,NULL,NULL,NULL);

INSERT INTO SYS_SUBSYS (SYS_ID_, NAME_, KEY_, LOGO_, IS_DEFAULT_, HOME_URL_, STATUS_, DESCP_, ICON_CLS_, SN_, IS_SAAS_, TENANT_ID_, CREATE_BY_, CREATE_TIME_, UPDATE_BY_, UPDATE_TIME_)
values ('210000000418012','系统配置','configSys','20000000472236','YES','','ENABLED','','icon-system-configuration',4,'YES',1,1,NULL,NULL,NULL);

INSERT INTO SYS_SUBSYS (SYS_ID_, NAME_, KEY_, LOGO_, IS_DEFAULT_, HOME_URL_, STATUS_, DESCP_, ICON_CLS_, SN_, IS_SAAS_, TENANT_ID_, CREATE_BY_, CREATE_TIME_, UPDATE_BY_, UPDATE_TIME_)
values ('210000000573000','流程管理','bpmSys','','YES','','ENABLED','','icon-Process-management',1,'YES',1,1,NULL,NULL,NULL);

INSERT INTO SYS_SUBSYS (SYS_ID_, NAME_, KEY_, LOGO_, IS_DEFAULT_, HOME_URL_, STATUS_, DESCP_, ICON_CLS_, SN_, IS_SAAS_, TENANT_ID_, CREATE_BY_, CREATE_TIME_, UPDATE_BY_, UPDATE_TIME_)
values ('5110000000000021','公文子系统','archiveFlow','20000000472105','YES','/index.do','ENABLED','','icon-Document-subsystem',2,'YES',1,1,NULL,NULL,NULL);

-- 8.菜单数据

INSERT INTO sys_menu (MENU_ID_, SYS_ID_, NAME_, KEY_, FORM_, ENTITY_NAME_, MODULE_ID_, ICON_CLS_, IMG_, PARENT_ID_, DEPTH_, PATH_, SN_, IS_MGR_, URL_, SHOW_TYPE_, IS_BTN_MENU_, CHILDS_, TENANT_ID_, CREATE_BY_, CREATE_TIME_, UPDATE_BY_, UPDATE_TIME_)
values ('1','210000000418012','系统管理','sysMgr',NULL,NULL,NULL,'icon-system-management','','210000000418012',1,'210000000418012.1.','1','NO','',NULL,'NO','14',NULL,1,NULL,NULL,NULL);

INSERT INTO sys_menu (MENU_ID_, SYS_ID_, NAME_, KEY_, FORM_, ENTITY_NAME_, MODULE_ID_, ICON_CLS_, IMG_, PARENT_ID_, DEPTH_, PATH_, SN_, IS_MGR_, URL_, SHOW_TYPE_, IS_BTN_MENU_, CHILDS_, TENANT_ID_, CREATE_BY_, CREATE_TIME_, UPDATE_BY_, UPDATE_TIME_)
values ('10','210000000418012','用户管理','sysUserList',NULL,NULL,NULL,'','20000000472966.png','8',2,'210000000418012.8.10.','0','NO','/sys/org/osUser/list.do',NULL,'NO','0',NULL,1,NULL,NULL,NULL);

INSERT INTO sys_menu (MENU_ID_, SYS_ID_, NAME_, KEY_, FORM_, ENTITY_NAME_, MODULE_ID_, ICON_CLS_, IMG_, PARENT_ID_, DEPTH_, PATH_, SN_, IS_MGR_, URL_, SHOW_TYPE_, IS_BTN_MENU_, CHILDS_, TENANT_ID_, CREATE_BY_, CREATE_TIME_, UPDATE_BY_, UPDATE_TIME_)
values ('10060000000000001','100001','流程事项申请','bpmSolApply',NULL,NULL,NULL,'','20000000472740.png','24',2,'100001.24.10060000000000001.','10','NO','/oa/personal/bpmSolApply/myList.do',NULL,'NO','0',NULL,1,NULL,NULL,NULL);

INSERT INTO sys_menu (MENU_ID_, SYS_ID_, NAME_, KEY_, FORM_, ENTITY_NAME_, MODULE_ID_, ICON_CLS_, IMG_, PARENT_ID_, DEPTH_, PATH_, SN_, IS_MGR_, URL_, SHOW_TYPE_, IS_BTN_MENU_, CHILDS_, TENANT_ID_, CREATE_BY_, CREATE_TIME_, UPDATE_BY_, UPDATE_TIME_)
values ('10120000000000001','100001','我发起的流程','MybpmSolution',NULL,NULL,NULL,'','20000000634098.png','24',2,'100001.24.10120000000000001.','10','NO','/oa/personal/MybpmSolution/list.do',NULL,'NO','0',NULL,1,NULL,NULL,NULL);

INSERT INTO sys_menu (MENU_ID_, SYS_ID_, NAME_, KEY_, FORM_, ENTITY_NAME_, MODULE_ID_, ICON_CLS_, IMG_, PARENT_ID_, DEPTH_, PATH_, SN_, IS_MGR_, URL_, SHOW_TYPE_, IS_BTN_MENU_, CHILDS_, TENANT_ID_, CREATE_BY_, CREATE_TIME_, UPDATE_BY_, UPDATE_TIME_)
values ('11','210000000418012','用户账号管理','sysAccountList',NULL,NULL,NULL,'','6460000000000002.png','8',2,'210000000418012.8.11.','0','NO','/sys/core/sysAccount/list.do',NULL,'NO','0',NULL,1,NULL,NULL,NULL);

INSERT INTO sys_menu (MENU_ID_, SYS_ID_, NAME_, KEY_, FORM_, ENTITY_NAME_, MODULE_ID_, ICON_CLS_, IMG_, PARENT_ID_, DEPTH_, PATH_, SN_, IS_MGR_, URL_, SHOW_TYPE_, IS_BTN_MENU_, CHILDS_, TENANT_ID_, CREATE_BY_, CREATE_TIME_, UPDATE_BY_, UPDATE_TIME_)
values ('12','210000000418012','组与用户关系定义','relationTypeMgr',NULL,NULL,NULL,'','20000000472263.png','8',2,'210000000418012.8.12.','0','NO','/sys/org/osRelType/list.do',NULL,'NO','0',NULL,1,NULL,NULL,NULL);

INSERT INTO sys_menu (MENU_ID_, SYS_ID_, NAME_, KEY_, FORM_, ENTITY_NAME_, MODULE_ID_, ICON_CLS_, IMG_, PARENT_ID_, DEPTH_, PATH_, SN_, IS_MGR_, URL_, SHOW_TYPE_, IS_BTN_MENU_, CHILDS_, TENANT_ID_, CREATE_BY_, CREATE_TIME_, UPDATE_BY_, UPDATE_TIME_)
values ('12320000000000001','210000000418000','用户等级设置','kms_kduser_level_mgr',NULL,NULL,NULL,'icon-User-level','','210000000418000',1,'210000000418000.12320000000000001.','16','NO','/kms/core/kdUserLevel/list.do',NULL,'NO','0',NULL,1,NULL,NULL,NULL);

INSERT INTO sys_menu (MENU_ID_, SYS_ID_, NAME_, KEY_, FORM_, ENTITY_NAME_, MODULE_ID_, ICON_CLS_, IMG_, PARENT_ID_, DEPTH_, PATH_, SN_, IS_MGR_, URL_, SHOW_TYPE_, IS_BTN_MENU_, CHILDS_, TENANT_ID_, CREATE_BY_, CREATE_TIME_, UPDATE_BY_, UPDATE_TIME_)
values ('13','210000000418012','组织综合管理','orgGlobalMgr',NULL,NULL,NULL,'','20000000472463.png','8',2,'210000000418012.8.13.','0','NO','/sys/org/sysOrg/mgr.do',NULL,'NO','0',NULL,1,NULL,NULL,NULL);

INSERT INTO sys_menu (MENU_ID_, SYS_ID_, NAME_, KEY_, FORM_, ENTITY_NAME_, MODULE_ID_, ICON_CLS_, IMG_, PARENT_ID_, DEPTH_, PATH_, SN_, IS_MGR_, URL_, SHOW_TYPE_, IS_BTN_MENU_, CHILDS_, TENANT_ID_, CREATE_BY_, CREATE_TIME_, UPDATE_BY_, UPDATE_TIME_)
values ('1330000000000002','210000000418012','自定义对话框','sysDefDialog',NULL,NULL,NULL,'','20000000472015.png','1',2,'210000000418012.1.1330000000000002.','1','NO','/sys/db/sysDefDialog/list.do',NULL,'NO','0',NULL,1,NULL,NULL,NULL);

INSERT INTO sys_menu (MENU_ID_, SYS_ID_, NAME_, KEY_, FORM_, ENTITY_NAME_, MODULE_ID_, ICON_CLS_, IMG_, PARENT_ID_, DEPTH_, PATH_, SN_, IS_MGR_, URL_, SHOW_TYPE_, IS_BTN_MENU_, CHILDS_, TENANT_ID_, CREATE_BY_, CREATE_TIME_, UPDATE_BY_, UPDATE_TIME_)
values ('15','210000000573000','业务流程解决方案','bpmSolMgr',NULL,NULL,NULL,'icon-Business-solution','','210000000573000',1,'210000000573000.15.','1','NO','/bpm/core/bpmSolution/list.do',NULL,'NO','0',NULL,1,NULL,NULL,NULL);

INSERT INTO sys_menu (MENU_ID_, SYS_ID_, NAME_, KEY_, FORM_, ENTITY_NAME_, MODULE_ID_, ICON_CLS_, IMG_, PARENT_ID_, DEPTH_, PATH_, SN_, IS_MGR_, URL_, SHOW_TYPE_, IS_BTN_MENU_, CHILDS_, TENANT_ID_, CREATE_BY_, CREATE_TIME_, UPDATE_BY_, UPDATE_TIME_)
values ('16','210000000573000','流程定义设计','bpmDefMgr',NULL,NULL,NULL,'icon-Process-design','','210000000573000',1,'210000000573000.16.','2','NO','/bpm/core/bpmDef/list.do',NULL,'NO','0',NULL,1,NULL,NULL,NULL);

INSERT INTO sys_menu (MENU_ID_, SYS_ID_, NAME_, KEY_, FORM_, ENTITY_NAME_, MODULE_ID_, ICON_CLS_, IMG_, PARENT_ID_, DEPTH_, PATH_, SN_, IS_MGR_, URL_, SHOW_TYPE_, IS_BTN_MENU_, CHILDS_, TENANT_ID_, CREATE_BY_, CREATE_TIME_, UPDATE_BY_, UPDATE_TIME_)
values ('17','210000000573000','业务表单设计','bpmFormViewMgr',NULL,NULL,NULL,'icon-Business-form-Design','','210000000573000',1,'210000000573000.17.','4','NO','/bpm/form/bpmFormView/list.do',NULL,'NO','0',NULL,1,NULL,NULL,NULL);

INSERT INTO sys_menu (MENU_ID_, SYS_ID_, NAME_, KEY_, FORM_, ENTITY_NAME_, MODULE_ID_, ICON_CLS_, IMG_, PARENT_ID_, DEPTH_, PATH_, SN_, IS_MGR_, URL_, SHOW_TYPE_, IS_BTN_MENU_, CHILDS_, TENANT_ID_, CREATE_BY_, CREATE_TIME_, UPDATE_BY_, UPDATE_TIME_)
values ('1700000000000001','210000000418012','报表管理','report',NULL,NULL,NULL,'','20000000472197.png','1',2,'210000000418012.1.1700000000000001.','0','YES','/sys/core/sysReport/list.do',NULL,'NO','0',NULL,1,NULL,NULL,NULL);

INSERT INTO sys_menu (MENU_ID_, SYS_ID_, NAME_, KEY_, FORM_, ENTITY_NAME_, MODULE_ID_, ICON_CLS_, IMG_, PARENT_ID_, DEPTH_, PATH_, SN_, IS_MGR_, URL_, SHOW_TYPE_, IS_BTN_MENU_, CHILDS_, TENANT_ID_, CREATE_BY_, CREATE_TIME_, UPDATE_BY_, UPDATE_TIME_)
values ('18','210000000573000','流程实例管理','bpmInstMgr',NULL,NULL,NULL,'icon-Process-instance','','210000000573000',1,'210000000573000.18.','5','NO','/bpm/core/bpmInst/list.do',NULL,'NO','0',NULL,1,NULL,NULL,NULL);

INSERT INTO sys_menu (MENU_ID_, SYS_ID_, NAME_, KEY_, FORM_, ENTITY_NAME_, MODULE_ID_, ICON_CLS_, IMG_, PARENT_ID_, DEPTH_, PATH_, SN_, IS_MGR_, URL_, SHOW_TYPE_, IS_BTN_MENU_, CHILDS_, TENANT_ID_, CREATE_BY_, CREATE_TIME_, UPDATE_BY_, UPDATE_TIME_)
values ('19','210000000573000','待办任务管理','bpmTaskMgr',NULL,NULL,NULL,'icon-need-do','','210000000573000',1,'210000000573000.19.','6','NO','/bpm/core/bpmTask/list.do',NULL,'NO','0',NULL,1,NULL,NULL,NULL);

INSERT INTO sys_menu (MENU_ID_, SYS_ID_, NAME_, KEY_, FORM_, ENTITY_NAME_, MODULE_ID_, ICON_CLS_, IMG_, PARENT_ID_, DEPTH_, PATH_, SN_, IS_MGR_, URL_, SHOW_TYPE_, IS_BTN_MENU_, CHILDS_, TENANT_ID_, CREATE_BY_, CREATE_TIME_, UPDATE_BY_, UPDATE_TIME_)
values ('2','210000000418012','租用机构管理','sysInstMgr',NULL,NULL,NULL,'','20000000472955.png','1',2,'210000000418012.1.2.','0','YES','/sys/core/sysInst/list.do',NULL,'NO','0',NULL,1,NULL,NULL,NULL);

INSERT INTO sys_menu (MENU_ID_, SYS_ID_, NAME_, KEY_, FORM_, ENTITY_NAME_, MODULE_ID_, ICON_CLS_, IMG_, PARENT_ID_, DEPTH_, PATH_, SN_, IS_MGR_, URL_, SHOW_TYPE_, IS_BTN_MENU_, CHILDS_, TENANT_ID_, CREATE_BY_, CREATE_TIME_, UPDATE_BY_, UPDATE_TIME_)
values ('20000000003001','100001','日程任务管理','calTaskMgr',NULL,NULL,NULL,'icon-tasks','','100001',1,'100001.20000000003001.','3','NO','',NULL,'NO','8',NULL,1,NULL,NULL,NULL);

INSERT INTO sys_menu (MENU_ID_, SYS_ID_, NAME_, KEY_, FORM_, ENTITY_NAME_, MODULE_ID_, ICON_CLS_, IMG_, PARENT_ID_, DEPTH_, PATH_, SN_, IS_MGR_, URL_, SHOW_TYPE_, IS_BTN_MENU_, CHILDS_, TENANT_ID_, CREATE_BY_, CREATE_TIME_, UPDATE_BY_, UPDATE_TIME_)
values ('20000000003002','100001','项目管理','projectProdMgr',NULL,NULL,NULL,'','20000000472486.png','20000000003001',2,'100001.20000000003001.20000000003002.','0','NO','/oa/pro/project/list.do',NULL,'NO','0',NULL,1,NULL,NULL,NULL);

INSERT INTO sys_menu (MENU_ID_, SYS_ID_, NAME_, KEY_, FORM_, ENTITY_NAME_, MODULE_ID_, ICON_CLS_, IMG_, PARENT_ID_, DEPTH_, PATH_, SN_, IS_MGR_, URL_, SHOW_TYPE_, IS_BTN_MENU_, CHILDS_, TENANT_ID_, CREATE_BY_, CREATE_TIME_, UPDATE_BY_, UPDATE_TIME_)
values ('20000000016001','100001','我负责的项目','myResProject',NULL,NULL,NULL,'','20000000634360.png','20000000003001',2,'100001.20000000003001.20000000016001.','0','NO','/oa/pro/project/myResList.do',NULL,'NO','0',NULL,1,NULL,NULL,NULL);

INSERT INTO sys_menu (MENU_ID_, SYS_ID_, NAME_, KEY_, FORM_, ENTITY_NAME_, MODULE_ID_, ICON_CLS_, IMG_, PARENT_ID_, DEPTH_, PATH_, SN_, IS_MGR_, URL_, SHOW_TYPE_, IS_BTN_MENU_, CHILDS_, TENANT_ID_, CREATE_BY_, CREATE_TIME_, UPDATE_BY_, UPDATE_TIME_)
values ('20000000016002','100001','我参与的项目','myAttProject',NULL,NULL,NULL,'','20000000634367.png','20000000003001',2,'100001.20000000003001.20000000016002.','0','NO','/oa/pro/project/myAttList.do',NULL,'NO','0',NULL,1,NULL,NULL,NULL);

INSERT INTO sys_menu (MENU_ID_, SYS_ID_, NAME_, KEY_, FORM_, ENTITY_NAME_, MODULE_ID_, ICON_CLS_, IMG_, PARENT_ID_, DEPTH_, PATH_, SN_, IS_MGR_, URL_, SHOW_TYPE_, IS_BTN_MENU_, CHILDS_, TENANT_ID_, CREATE_BY_, CREATE_TIME_, UPDATE_BY_, UPDATE_TIME_)
values ('20000000016003','210000000418012',' 栏目管理','insColumnMgr',NULL,NULL,NULL,'','20000000472028.png','21',2,'210000000418012.21.20000000016003.','3','NO','/oa/info/insColumn/list.do',NULL,'NO','0',NULL,1,NULL,NULL,NULL);

INSERT INTO sys_menu (MENU_ID_, SYS_ID_, NAME_, KEY_, FORM_, ENTITY_NAME_, MODULE_ID_, ICON_CLS_, IMG_, PARENT_ID_, DEPTH_, PATH_, SN_, IS_MGR_, URL_, SHOW_TYPE_, IS_BTN_MENU_, CHILDS_, TENANT_ID_, CREATE_BY_, CREATE_TIME_, UPDATE_BY_, UPDATE_TIME_)
values ('20000000016004','210000000418012','新闻公告管理','insNewsMgr',NULL,NULL,NULL,'','20000000634227.png','21',2,'210000000418012.21.20000000016004.','4','NO','/oa/info/insNews/list.do',NULL,'NO','0',NULL,1,NULL,NULL,NULL);

INSERT INTO sys_menu (MENU_ID_, SYS_ID_, NAME_, KEY_, FORM_, ENTITY_NAME_, MODULE_ID_, ICON_CLS_, IMG_, PARENT_ID_, DEPTH_, PATH_, SN_, IS_MGR_, URL_, SHOW_TYPE_, IS_BTN_MENU_, CHILDS_, TENANT_ID_, CREATE_BY_, CREATE_TIME_, UPDATE_BY_, UPDATE_TIME_)
values ('20000000019001','100001','我的通讯录','addrGroupMgr',NULL,NULL,NULL,'','20000000472745.png','32',2,'100001.32.20000000019001.','4','NO','/oa/personal/addrGrp/list.do',NULL,'NO','0',NULL,1,NULL,NULL,NULL);

INSERT INTO sys_menu (MENU_ID_, SYS_ID_, NAME_, KEY_, FORM_, ENTITY_NAME_, MODULE_ID_, ICON_CLS_, IMG_, PARENT_ID_, DEPTH_, PATH_, SN_, IS_MGR_, URL_, SHOW_TYPE_, IS_BTN_MENU_, CHILDS_, TENANT_ID_, CREATE_BY_, CREATE_TIME_, UPDATE_BY_, UPDATE_TIME_)
values ('20000000029001','210000000418012','全局公共门户管理','insGlobalPortal',NULL,NULL,NULL,'','20000000472006.png','21',2,'210000000418012.21.20000000029001.','0','NO','/oa/info/insPortal/global.do',NULL,'NO','0',NULL,1,NULL,NULL,NULL);

INSERT INTO sys_menu (MENU_ID_, SYS_ID_, NAME_, KEY_, FORM_, ENTITY_NAME_, MODULE_ID_, ICON_CLS_, IMG_, PARENT_ID_, DEPTH_, PATH_, SN_, IS_MGR_, URL_, SHOW_TYPE_, IS_BTN_MENU_, CHILDS_, TENANT_ID_, CREATE_BY_, CREATE_TIME_, UPDATE_BY_, UPDATE_TIME_)
values ('20000000042001','210000000418012','微信公众号','wx_p',NULL,NULL,NULL,'icon-weixin','','210000000418012',1,'210000000418012.20000000042001.','10','NO','',NULL,'NO','6',NULL,1,NULL,NULL,NULL);

INSERT INTO sys_menu (MENU_ID_, SYS_ID_, NAME_, KEY_, FORM_, ENTITY_NAME_, MODULE_ID_, ICON_CLS_, IMG_, PARENT_ID_, DEPTH_, PATH_, SN_, IS_MGR_, URL_, SHOW_TYPE_, IS_BTN_MENU_, CHILDS_, TENANT_ID_, CREATE_BY_, CREATE_TIME_, UPDATE_BY_, UPDATE_TIME_)
values ('20000000042002','210000000418012','公众号配置','wx_p_config',NULL,NULL,NULL,'','20000000472006.png','20000000042001',2,'210000000418012.20000000042001.20000000042002.','0','NO','/wx/p/wxPConfig/list.do',NULL,'NO','0',NULL,1,NULL,NULL,NULL);

INSERT INTO sys_menu (MENU_ID_, SYS_ID_, NAME_, KEY_, FORM_, ENTITY_NAME_, MODULE_ID_, ICON_CLS_, IMG_, PARENT_ID_, DEPTH_, PATH_, SN_, IS_MGR_, URL_, SHOW_TYPE_, IS_BTN_MENU_, CHILDS_, TENANT_ID_, CREATE_BY_, CREATE_TIME_, UPDATE_BY_, UPDATE_TIME_)
values ('20000000042003','210000000418012','公众号菜单','wx_p_menu',NULL,NULL,NULL,'','20000000472029.png','20000000042001',2,'210000000418012.20000000042001.20000000042003.','0','NO','/wx/p/wxPMenu/list.do',NULL,'NO','0',NULL,1,NULL,NULL,NULL);

INSERT INTO sys_menu (MENU_ID_, SYS_ID_, NAME_, KEY_, FORM_, ENTITY_NAME_, MODULE_ID_, ICON_CLS_, IMG_, PARENT_ID_, DEPTH_, PATH_, SN_, IS_MGR_, URL_, SHOW_TYPE_, IS_BTN_MENU_, CHILDS_, TENANT_ID_, CREATE_BY_, CREATE_TIME_, UPDATE_BY_, UPDATE_TIME_)
values ('20000000042005','210000000418012','公众号图文','wx_p_user_news',NULL,NULL,NULL,'','20000000472033.png','20000000042001',2,'210000000418012.20000000042001.20000000042005.','0','NO','/wx/p/wxPUserNews/list.do',NULL,'NO','0',NULL,1,NULL,NULL,NULL);

INSERT INTO sys_menu (MENU_ID_, SYS_ID_, NAME_, KEY_, FORM_, ENTITY_NAME_, MODULE_ID_, ICON_CLS_, IMG_, PARENT_ID_, DEPTH_, PATH_, SN_, IS_MGR_, URL_, SHOW_TYPE_, IS_BTN_MENU_, CHILDS_, TENANT_ID_, CREATE_BY_, CREATE_TIME_, UPDATE_BY_, UPDATE_TIME_)
values ('20000000045014','210000000418012','新闻公告评论','comment',NULL,NULL,NULL,'','20000000472251.png','21',2,'210000000418012.21.20000000045014.','5','NO','/oa/info/insNewsCm/list.do',NULL,'NO','0',NULL,1,NULL,NULL,NULL);

INSERT INTO sys_menu (MENU_ID_, SYS_ID_, NAME_, KEY_, FORM_, ENTITY_NAME_, MODULE_ID_, ICON_CLS_, IMG_, PARENT_ID_, DEPTH_, PATH_, SN_, IS_MGR_, URL_, SHOW_TYPE_, IS_BTN_MENU_, CHILDS_, TENANT_ID_, CREATE_BY_, CREATE_TIME_, UPDATE_BY_, UPDATE_TIME_)
values ('20000000050003','20000000050001','基础框架','baseFramework',NULL,NULL,NULL,'icon-Basic-framework','','20000000050001',1,'20000000050001.20000000050003.','0','NO','',NULL,'NO','3',NULL,1,NULL,NULL,NULL);

INSERT INTO sys_menu (MENU_ID_, SYS_ID_, NAME_, KEY_, FORM_, ENTITY_NAME_, MODULE_ID_, ICON_CLS_, IMG_, PARENT_ID_, DEPTH_, PATH_, SN_, IS_MGR_, URL_, SHOW_TYPE_, IS_BTN_MENU_, CHILDS_, TENANT_ID_, CREATE_BY_, CREATE_TIME_, UPDATE_BY_, UPDATE_TIME_)
values ('20000000050004','20000000050001','用户组选择示例','groupSelector',NULL,NULL,NULL,'','','20000000050003',2,'20000000050001.20000000050003.20000000050004.','0','NO','/help/core/userDlg.do',NULL,'NO','0',NULL,1,NULL,NULL,NULL);

INSERT INTO sys_menu (MENU_ID_, SYS_ID_, NAME_, KEY_, FORM_, ENTITY_NAME_, MODULE_ID_, ICON_CLS_, IMG_, PARENT_ID_, DEPTH_, PATH_, SN_, IS_MGR_, URL_, SHOW_TYPE_, IS_BTN_MENU_, CHILDS_, TENANT_ID_, CREATE_BY_, CREATE_TIME_, UPDATE_BY_, UPDATE_TIME_)
values ('20000000094001','100001','我的流程代理设置','myFlowAgentSet',NULL,NULL,NULL,'','20000000472461.png','24',2,'100001.24.20000000094001.','3','NO','/bpm/core/bpmAgent/list.do',NULL,'NO','0',NULL,1,NULL,NULL,NULL);

INSERT INTO sys_menu (MENU_ID_, SYS_ID_, NAME_, KEY_, FORM_, ENTITY_NAME_, MODULE_ID_, ICON_CLS_, IMG_, PARENT_ID_, DEPTH_, PATH_, SN_, IS_MGR_, URL_, SHOW_TYPE_, IS_BTN_MENU_, CHILDS_, TENANT_ID_, CREATE_BY_, CREATE_TIME_, UPDATE_BY_, UPDATE_TIME_)
values ('20000000108001','210000000418012','公众号文章','wx_p_article',NULL,NULL,NULL,'','20000000472033.png','20000000042001',2,'210000000418012.20000000042001.20000000108001.','0','NO','/wx/p/wxPArticle/list.do',NULL,'NO','0',NULL,1,NULL,NULL,NULL);

INSERT INTO sys_menu (MENU_ID_, SYS_ID_, NAME_, KEY_, FORM_, ENTITY_NAME_, MODULE_ID_, ICON_CLS_, IMG_, PARENT_ID_, DEPTH_, PATH_, SN_, IS_MGR_, URL_, SHOW_TYPE_, IS_BTN_MENU_, CHILDS_, TENANT_ID_, CREATE_BY_, CREATE_TIME_, UPDATE_BY_, UPDATE_TIME_)
values ('20000000130001','100001','我审批的流程','bpmMyCheckList',NULL,NULL,NULL,'','20000000472360.png','24',2,'100001.24.20000000130001.','12','NO','/oa/personal/bpmInst/myAttends.do',NULL,'NO','0',NULL,1,NULL,NULL,NULL);

INSERT INTO sys_menu (MENU_ID_, SYS_ID_, NAME_, KEY_, FORM_, ENTITY_NAME_, MODULE_ID_, ICON_CLS_, IMG_, PARENT_ID_, DEPTH_, PATH_, SN_, IS_MGR_, URL_, SHOW_TYPE_, IS_BTN_MENU_, CHILDS_, TENANT_ID_, CREATE_BY_, CREATE_TIME_, UPDATE_BY_, UPDATE_TIME_)
values ('20000000146001','210000000573000','流程模块绑定','bpmModuleBindMgr',NULL,NULL,NULL,'icon-Process-module','','210000000573000',1,'210000000573000.20000000146001.','7','NO','/bpm/integrate/bpmModuleBind/list.do',NULL,'NO','0',NULL,1,NULL,NULL,NULL);

INSERT INTO sys_menu (MENU_ID_, SYS_ID_, NAME_, KEY_, FORM_, ENTITY_NAME_, MODULE_ID_, ICON_CLS_, IMG_, PARENT_ID_, DEPTH_, PATH_, SN_, IS_MGR_, URL_, SHOW_TYPE_, IS_BTN_MENU_, CHILDS_, TENANT_ID_, CREATE_BY_, CREATE_TIME_, UPDATE_BY_, UPDATE_TIME_)
values ('20000000188022','100001','我的计划任务','myPlan',NULL,NULL,NULL,'','20000000472033.png','20000000003001',2,'100001.20000000003001.20000000188022.','0','NO','/oa/pro/myplanTask/list.do',NULL,'NO','0',NULL,1,NULL,NULL,NULL);

INSERT INTO sys_menu (MENU_ID_, SYS_ID_, NAME_, KEY_, FORM_, ENTITY_NAME_, MODULE_ID_, ICON_CLS_, IMG_, PARENT_ID_, DEPTH_, PATH_, SN_, IS_MGR_, URL_, SHOW_TYPE_, IS_BTN_MENU_, CHILDS_, TENANT_ID_, CREATE_BY_, CREATE_TIME_, UPDATE_BY_, UPDATE_TIME_)
values ('20000000239001','210000000418012','系统模板管理','sysTemplateMgr',NULL,NULL,NULL,'','20000000472672.png','1',2,'210000000418012.1.20000000239001.','0','YES','/sys/core/sysTemplate/list.do',NULL,'NO','0',NULL,1,NULL,NULL,NULL);

INSERT INTO sys_menu (MENU_ID_, SYS_ID_, NAME_, KEY_, FORM_, ENTITY_NAME_, MODULE_ID_, ICON_CLS_, IMG_, PARENT_ID_, DEPTH_, PATH_, SN_, IS_MGR_, URL_, SHOW_TYPE_, IS_BTN_MENU_, CHILDS_, TENANT_ID_, CREATE_BY_, CREATE_TIME_, UPDATE_BY_, UPDATE_TIME_)
values ('20000000253042','100001','外部邮箱配置','mailConfigMgr',NULL,NULL,NULL,'','20000000472093.png','32',2,'100001.32.20000000253042.','1','NO','/oa/mail/mailConfig/AllList.do',NULL,'NO','0',NULL,1,NULL,NULL,NULL);

INSERT INTO sys_menu (MENU_ID_, SYS_ID_, NAME_, KEY_, FORM_, ENTITY_NAME_, MODULE_ID_, ICON_CLS_, IMG_, PARENT_ID_, DEPTH_, PATH_, SN_, IS_MGR_, URL_, SHOW_TYPE_, IS_BTN_MENU_, CHILDS_, TENANT_ID_, CREATE_BY_, CREATE_TIME_, UPDATE_BY_, UPDATE_TIME_)
values ('20000000288011','100001','内部邮箱','innerMailMgr',NULL,NULL,NULL,'','20000000472370.png','32',2,'100001.32.20000000288011.','3','NO','/oa/mail/mailBox/list.do',NULL,'NO','0',NULL,1,NULL,NULL,NULL);

INSERT INTO sys_menu (MENU_ID_, SYS_ID_, NAME_, KEY_, FORM_, ENTITY_NAME_, MODULE_ID_, ICON_CLS_, IMG_, PARENT_ID_, DEPTH_, PATH_, SN_, IS_MGR_, URL_, SHOW_TYPE_, IS_BTN_MENU_, CHILDS_, TENANT_ID_, CREATE_BY_, CREATE_TIME_, UPDATE_BY_, UPDATE_TIME_)
values ('20000000413001','100001','新增日志','addtask',NULL,NULL,NULL,'','20000000634245.png','20000000003001',2,'100001.20000000003001.20000000413001.','5','NO','/oa/pro/workLog/edit.do',NULL,'NO','0',NULL,1,NULL,NULL,NULL);

INSERT INTO sys_menu (MENU_ID_, SYS_ID_, NAME_, KEY_, FORM_, ENTITY_NAME_, MODULE_ID_, ICON_CLS_, IMG_, PARENT_ID_, DEPTH_, PATH_, SN_, IS_MGR_, URL_, SHOW_TYPE_, IS_BTN_MENU_, CHILDS_, TENANT_ID_, CREATE_BY_, CREATE_TIME_, UPDATE_BY_, UPDATE_TIME_)
values ('20000000424001','100001','新增计划任务','addplan',NULL,NULL,NULL,'','20000000634370.png','20000000003001',2,'100001.20000000003001.20000000424001.','5','NO','/oa/pro/planTask/myedit.do',NULL,'NO','0',NULL,1,NULL,NULL,NULL);

INSERT INTO sys_menu (MENU_ID_, SYS_ID_, NAME_, KEY_, FORM_, ENTITY_NAME_, MODULE_ID_, ICON_CLS_, IMG_, PARENT_ID_, DEPTH_, PATH_, SN_, IS_MGR_, URL_, SHOW_TYPE_, IS_BTN_MENU_, CHILDS_, TENANT_ID_, CREATE_BY_, CREATE_TIME_, UPDATE_BY_, UPDATE_TIME_)
values ('20000000424004','100001','我的日志','myTask',NULL,NULL,NULL,'','20000000634256.png','20000000003001',2,'100001.20000000003001.20000000424004.','1','NO','/oa/pro/myworkLog/list.do',NULL,'NO','0',NULL,1,NULL,NULL,NULL);

INSERT INTO sys_menu (MENU_ID_, SYS_ID_, NAME_, KEY_, FORM_, ENTITY_NAME_, MODULE_ID_, ICON_CLS_, IMG_, PARENT_ID_, DEPTH_, PATH_, SN_, IS_MGR_, URL_, SHOW_TYPE_, IS_BTN_MENU_, CHILDS_, TENANT_ID_, CREATE_BY_, CREATE_TIME_, UPDATE_BY_, UPDATE_TIME_)
values ('20000000528003','100001','我的消息','myMsg',NULL,NULL,NULL,'','20000000472957.png','24',2,'100001.24.20000000528003.','2','NO','/oa/info/infInbox/receive.do',NULL,'NO','0',NULL,1,NULL,NULL,NULL);

INSERT INTO sys_menu (MENU_ID_, SYS_ID_, NAME_, KEY_, FORM_, ENTITY_NAME_, MODULE_ID_, ICON_CLS_, IMG_, PARENT_ID_, DEPTH_, PATH_, SN_, IS_MGR_, URL_, SHOW_TYPE_, IS_BTN_MENU_, CHILDS_, TENANT_ID_, CREATE_BY_, CREATE_TIME_, UPDATE_BY_, UPDATE_TIME_)
values ('20000000659001','210000000418012','数据源管理','datasource',NULL,NULL,NULL,'','20000000472317.png','1',2,'210000000418012.1.20000000659001.','1','NO','/sys/core/sysDataSource/list.do',NULL,'NO','0',NULL,1,NULL,NULL,NULL);

INSERT INTO sys_menu (MENU_ID_, SYS_ID_, NAME_, KEY_, FORM_, ENTITY_NAME_, MODULE_ID_, ICON_CLS_, IMG_, PARENT_ID_, DEPTH_, PATH_, SN_, IS_MGR_, URL_, SHOW_TYPE_, IS_BTN_MENU_, CHILDS_, TENANT_ID_, CREATE_BY_, CREATE_TIME_, UPDATE_BY_, UPDATE_TIME_)
values ('21','210000000418012','门户信息管理','portalMgr',NULL,NULL,NULL,'icon-Portal-information','','210000000418012',1,'210000000418012.21.','5','NO','',NULL,'NO','6',NULL,1,NULL,NULL,NULL);

INSERT INTO sys_menu (MENU_ID_, SYS_ID_, NAME_, KEY_, FORM_, ENTITY_NAME_, MODULE_ID_, ICON_CLS_, IMG_, PARENT_ID_, DEPTH_, PATH_, SN_, IS_MGR_, URL_, SHOW_TYPE_, IS_BTN_MENU_, CHILDS_, TENANT_ID_, CREATE_BY_, CREATE_TIME_, UPDATE_BY_, UPDATE_TIME_)
values ('210000000047005','100001','公共资源管理','common-Mgr',NULL,NULL,NULL,'icon-public','','100001',1,'100001.210000000047005.','0','NO','',NULL,'NO','4',NULL,1,NULL,NULL,NULL);

INSERT INTO sys_menu (MENU_ID_, SYS_ID_, NAME_, KEY_, FORM_, ENTITY_NAME_, MODULE_ID_, ICON_CLS_, IMG_, PARENT_ID_, DEPTH_, PATH_, SN_, IS_MGR_, URL_, SHOW_TYPE_, IS_BTN_MENU_, CHILDS_, TENANT_ID_, CREATE_BY_, CREATE_TIME_, UPDATE_BY_, UPDATE_TIME_)
values ('210000000048000','100001','会议室管理','room-Mgr',NULL,NULL,NULL,'','20000000472473.png','210000000047005',2,'100001.210000000047005.210000000048000.','0','NO','/oa/res/oaMeetRoom/list.do',NULL,'NO','0',NULL,1,NULL,NULL,NULL);

INSERT INTO sys_menu (MENU_ID_, SYS_ID_, NAME_, KEY_, FORM_, ENTITY_NAME_, MODULE_ID_, ICON_CLS_, IMG_, PARENT_ID_, DEPTH_, PATH_, SN_, IS_MGR_, URL_, SHOW_TYPE_, IS_BTN_MENU_, CHILDS_, TENANT_ID_, CREATE_BY_, CREATE_TIME_, UPDATE_BY_, UPDATE_TIME_)
values ('210000000048001','100001','会议申请管理','meeting-Mgr',NULL,NULL,NULL,'','20000000472474.png','210000000047005',2,'100001.210000000047005.210000000048001.','0','NO','/oa/res/oaMeeting/list.do',NULL,'NO','0',NULL,1,NULL,NULL,NULL);

INSERT INTO sys_menu (MENU_ID_, SYS_ID_, NAME_, KEY_, FORM_, ENTITY_NAME_, MODULE_ID_, ICON_CLS_, IMG_, PARENT_ID_, DEPTH_, PATH_, SN_, IS_MGR_, URL_, SHOW_TYPE_, IS_BTN_MENU_, CHILDS_, TENANT_ID_, CREATE_BY_, CREATE_TIME_, UPDATE_BY_, UPDATE_TIME_)
values ('210000000063000','100001','我的会议','mymeetatt-Mgr',NULL,NULL,NULL,'','20000000472955.png','24',2,'100001.24.210000000063000.','0','NO','/oa/res/oaMeetAtt/myList.do',NULL,'NO','0',NULL,1,NULL,NULL,NULL);

INSERT INTO sys_menu (MENU_ID_, SYS_ID_, NAME_, KEY_, FORM_, ENTITY_NAME_, MODULE_ID_, ICON_CLS_, IMG_, PARENT_ID_, DEPTH_, PATH_, SN_, IS_MGR_, URL_, SHOW_TYPE_, IS_BTN_MENU_, CHILDS_, TENANT_ID_, CREATE_BY_, CREATE_TIME_, UPDATE_BY_, UPDATE_TIME_)
values ('210000000150000','100001','车辆管理','car_Mgr',NULL,NULL,NULL,'','20000000472180.png','210000000047005',2,'100001.210000000047005.210000000150000.','0','NO','/oa/res/oaCar/list.do',NULL,'NO','0',NULL,1,NULL,NULL,NULL);

INSERT INTO sys_menu (MENU_ID_, SYS_ID_, NAME_, KEY_, FORM_, ENTITY_NAME_, MODULE_ID_, ICON_CLS_, IMG_, PARENT_ID_, DEPTH_, PATH_, SN_, IS_MGR_, URL_, SHOW_TYPE_, IS_BTN_MENU_, CHILDS_, TENANT_ID_, CREATE_BY_, CREATE_TIME_, UPDATE_BY_, UPDATE_TIME_)
values ('210000000150001','100001','车辆申请管理','carapp_Mgr',NULL,NULL,NULL,'','20000000472179.png','210000000047005',2,'100001.210000000047005.210000000150001.','0','NO','/oa/res/oaCarApp/list.do',NULL,'NO','0',NULL,1,NULL,NULL,NULL);

INSERT INTO sys_menu (MENU_ID_, SYS_ID_, NAME_, KEY_, FORM_, ENTITY_NAME_, MODULE_ID_, ICON_CLS_, IMG_, PARENT_ID_, DEPTH_, PATH_, SN_, IS_MGR_, URL_, SHOW_TYPE_, IS_BTN_MENU_, CHILDS_, TENANT_ID_, CREATE_BY_, CREATE_TIME_, UPDATE_BY_, UPDATE_TIME_)
values ('210000000290000','100001','公司文档管理','companyDocMgr',NULL,NULL,NULL,'','','28',2,'100001.28.210000000290000.','0','NO','/oa/doc/companyFolder/list.do',NULL,'NO','0',NULL,1,NULL,NULL,NULL);

INSERT INTO sys_menu (MENU_ID_, SYS_ID_, NAME_, KEY_, FORM_, ENTITY_NAME_, MODULE_ID_, ICON_CLS_, IMG_, PARENT_ID_, DEPTH_, PATH_, SN_, IS_MGR_, URL_, SHOW_TYPE_, IS_BTN_MENU_, CHILDS_, TENANT_ID_, CREATE_BY_, CREATE_TIME_, UPDATE_BY_, UPDATE_TIME_)
values ('210000000325000','210000000418000','知识地图分类管理','kms_kdmap_mgr',NULL,NULL,NULL,'icon-map-list','','210000000418000',1,'210000000418000.210000000325000.','17','NO','/kms/core/kdDocMap/typeList.do',NULL,'NO','0',NULL,1,NULL,NULL,NULL);

INSERT INTO sys_menu (MENU_ID_, SYS_ID_, NAME_, KEY_, FORM_, ENTITY_NAME_, MODULE_ID_, ICON_CLS_, IMG_, PARENT_ID_, DEPTH_, PATH_, SN_, IS_MGR_, URL_, SHOW_TYPE_, IS_BTN_MENU_, CHILDS_, TENANT_ID_, CREATE_BY_, CREATE_TIME_, UPDATE_BY_, UPDATE_TIME_)
values ('210000000384076','210000000418000','知识地图主页','kms_kdmap_index',NULL,NULL,NULL,'icon-homepage','','210000000418000',1,'210000000418000.210000000384076.','18','NO','/kms/core/kdDoc/mapIndex.do?i=2',NULL,'NO','0',NULL,1,NULL,NULL,NULL);

INSERT INTO sys_menu (MENU_ID_, SYS_ID_, NAME_, KEY_, FORM_, ENTITY_NAME_, MODULE_ID_, ICON_CLS_, IMG_, PARENT_ID_, DEPTH_, PATH_, SN_, IS_MGR_, URL_, SHOW_TYPE_, IS_BTN_MENU_, CHILDS_, TENANT_ID_, CREATE_BY_, CREATE_TIME_, UPDATE_BY_, UPDATE_TIME_)
values ('210000000630000','100001','考勤管理','dutyMgr',NULL,NULL,NULL,'icon-Check-work','','100001',1,'100001.210000000630000.','8','NO','',NULL,'NO','11',NULL,1,NULL,NULL,NULL);

INSERT INTO sys_menu (MENU_ID_, SYS_ID_, NAME_, KEY_, FORM_, ENTITY_NAME_, MODULE_ID_, ICON_CLS_, IMG_, PARENT_ID_, DEPTH_, PATH_, SN_, IS_MGR_, URL_, SHOW_TYPE_, IS_BTN_MENU_, CHILDS_, TENANT_ID_, CREATE_BY_, CREATE_TIME_, UPDATE_BY_, UPDATE_TIME_)
values ('210000000630001','100001','班次设置','dutySectionMgr',NULL,NULL,NULL,'','210000000270010.png','210000000630000',2,'100001.210000000630000.210000000630001.','9','NO','/hr/core/hrDutySection/list.do',NULL,'NO','0',NULL,1,NULL,NULL,NULL);

INSERT INTO sys_menu (MENU_ID_, SYS_ID_, NAME_, KEY_, FORM_, ENTITY_NAME_, MODULE_ID_, ICON_CLS_, IMG_, PARENT_ID_, DEPTH_, PATH_, SN_, IS_MGR_, URL_, SHOW_TYPE_, IS_BTN_MENU_, CHILDS_, TENANT_ID_, CREATE_BY_, CREATE_TIME_, UPDATE_BY_, UPDATE_TIME_)
values ('210000000630002','100001','班制设置','dutySystemMgr',NULL,NULL,NULL,'','210000000270010.png','210000000630000',2,'100001.210000000630000.210000000630002.','10','NO','/hr/core/hrDutySystem/list.do',NULL,'NO','0',NULL,1,NULL,NULL,NULL);

INSERT INTO sys_menu (MENU_ID_, SYS_ID_, NAME_, KEY_, FORM_, ENTITY_NAME_, MODULE_ID_, ICON_CLS_, IMG_, PARENT_ID_, DEPTH_, PATH_, SN_, IS_MGR_, URL_, SHOW_TYPE_, IS_BTN_MENU_, CHILDS_, TENANT_ID_, CREATE_BY_, CREATE_TIME_, UPDATE_BY_, UPDATE_TIME_)
values ('210000000630003','100001','排班设置','dutyMgr',NULL,NULL,NULL,'','210000000270010.png','210000000630000',2,'100001.210000000630000.210000000630003.','11','NO','/hr/core/hrDuty/list.do',NULL,'NO','0',NULL,1,NULL,NULL,NULL);

INSERT INTO sys_menu (MENU_ID_, SYS_ID_, NAME_, KEY_, FORM_, ENTITY_NAME_, MODULE_ID_, ICON_CLS_, IMG_, PARENT_ID_, DEPTH_, PATH_, SN_, IS_MGR_, URL_, SHOW_TYPE_, IS_BTN_MENU_, CHILDS_, TENANT_ID_, CREATE_BY_, CREATE_TIME_, UPDATE_BY_, UPDATE_TIME_)
values ('210000000645000','100001','我的申请','dutyErrandsMgr',NULL,NULL,NULL,'','210000000270010.png','210000000630000',2,'100001.210000000630000.210000000645000.','12','NO','/hr/core/hrErrandsRegister/list.do',NULL,'NO','0',NULL,1,NULL,NULL,NULL);

INSERT INTO sys_menu (MENU_ID_, SYS_ID_, NAME_, KEY_, FORM_, ENTITY_NAME_, MODULE_ID_, ICON_CLS_, IMG_, PARENT_ID_, DEPTH_, PATH_, SN_, IS_MGR_, URL_, SHOW_TYPE_, IS_BTN_MENU_, CHILDS_, TENANT_ID_, CREATE_BY_, CREATE_TIME_, UPDATE_BY_, UPDATE_TIME_)
values ('210000000663001','100001','组合班次设置','groupSectionMgr',NULL,NULL,NULL,'','210000000270010.png','210000000630000',2,'100001.210000000630000.210000000663001.','9','NO','/hr/core/hrDutySection/GroupList.do',NULL,'NO','0',NULL,1,NULL,NULL,NULL);

INSERT INTO sys_menu (MENU_ID_, SYS_ID_, NAME_, KEY_, FORM_, ENTITY_NAME_, MODULE_ID_, ICON_CLS_, IMG_, PARENT_ID_, DEPTH_, PATH_, SN_, IS_MGR_, URL_, SHOW_TYPE_, IS_BTN_MENU_, CHILDS_, TENANT_ID_, CREATE_BY_, CREATE_TIME_, UPDATE_BY_, UPDATE_TIME_)
values ('210000000684000','100001','假期设置','holidayMgr',NULL,NULL,NULL,'','210000000270010.png','210000000630000',2,'100001.210000000630000.210000000684000.','13','NO','/hr/core/hrHoliday/list.do',NULL,'NO','0',NULL,1,NULL,NULL,NULL);

INSERT INTO sys_menu (MENU_ID_, SYS_ID_, NAME_, KEY_, FORM_, ENTITY_NAME_, MODULE_ID_, ICON_CLS_, IMG_, PARENT_ID_, DEPTH_, PATH_, SN_, IS_MGR_, URL_, SHOW_TYPE_, IS_BTN_MENU_, CHILDS_, TENANT_ID_, CREATE_BY_, CREATE_TIME_, UPDATE_BY_, UPDATE_TIME_)
values ('210000001728000','100001','排班查询','dutyCheck',NULL,NULL,NULL,'','210000000270010.png','210000000630000',2,'100001.210000000630000.210000001728000.','14','NO','/hr/core/hrDutyInst/list.do',NULL,'NO','0',NULL,1,NULL,NULL,NULL);

INSERT INTO sys_menu (MENU_ID_, SYS_ID_, NAME_, KEY_, FORM_, ENTITY_NAME_, MODULE_ID_, ICON_CLS_, IMG_, PARENT_ID_, DEPTH_, PATH_, SN_, IS_MGR_, URL_, SHOW_TYPE_, IS_BTN_MENU_, CHILDS_, TENANT_ID_, CREATE_BY_, CREATE_TIME_, UPDATE_BY_, UPDATE_TIME_)
values ('210000001900000','210000000418012','公众号用户','wx_p_user',NULL,NULL,NULL,'','20000000472006.png','20000000042001',2,'210000000418012.20000000042001.210000001900000.','0','NO','/wx/p/wxPUser/list.do',NULL,'NO','0',NULL,1,NULL,NULL,NULL);

INSERT INTO sys_menu (MENU_ID_, SYS_ID_, NAME_, KEY_, FORM_, ENTITY_NAME_, MODULE_ID_, ICON_CLS_, IMG_, PARENT_ID_, DEPTH_, PATH_, SN_, IS_MGR_, URL_, SHOW_TYPE_, IS_BTN_MENU_, CHILDS_, TENANT_ID_, CREATE_BY_, CREATE_TIME_, UPDATE_BY_, UPDATE_TIME_)
values ('210000002305053','100001','考勤签到','dutyRegister',NULL,NULL,NULL,'','210000000270010.png','210000000630000',2,'100001.210000000630000.210000002305053.','16','NO','/hr/core/hrDutyRegister/add.do',NULL,'NO','0',NULL,1,NULL,NULL,NULL);

INSERT INTO sys_menu (MENU_ID_, SYS_ID_, NAME_, KEY_, FORM_, ENTITY_NAME_, MODULE_ID_, ICON_CLS_, IMG_, PARENT_ID_, DEPTH_, PATH_, SN_, IS_MGR_, URL_, SHOW_TYPE_, IS_BTN_MENU_, CHILDS_, TENANT_ID_, CREATE_BY_, CREATE_TIME_, UPDATE_BY_, UPDATE_TIME_)
values ('210000002356056','100001','考勤记录查询','dutyRegisterMgr',NULL,NULL,NULL,'','210000000270010.png','210000000630000',2,'100001.210000000630000.210000002356056.','17','NO','/hr/core/hrDutyRegister/list.do',NULL,'NO','0',NULL,1,NULL,NULL,NULL);

INSERT INTO sys_menu (MENU_ID_, SYS_ID_, NAME_, KEY_, FORM_, ENTITY_NAME_, MODULE_ID_, ICON_CLS_, IMG_, PARENT_ID_, DEPTH_, PATH_, SN_, IS_MGR_, URL_, SHOW_TYPE_, IS_BTN_MENU_, CHILDS_, TENANT_ID_, CREATE_BY_, CREATE_TIME_, UPDATE_BY_, UPDATE_TIME_)
values ('210000002403000','100001','我的考勤记录','myDutyRegister',NULL,NULL,NULL,'','210000000270010.png','210000000630000',2,'100001.210000000630000.210000002403000.','18','NO','/hr/core/hrDutyRegister/personalList.do',NULL,'NO','0',NULL,1,NULL,NULL,NULL);

INSERT INTO sys_menu (MENU_ID_, SYS_ID_, NAME_, KEY_, FORM_, ENTITY_NAME_, MODULE_ID_, ICON_CLS_, IMG_, PARENT_ID_, DEPTH_, PATH_, SN_, IS_MGR_, URL_, SHOW_TYPE_, IS_BTN_MENU_, CHILDS_, TENANT_ID_, CREATE_BY_, CREATE_TIME_, UPDATE_BY_, UPDATE_TIME_)
values ('210000002404000','100001','我的排班','myDuty',NULL,NULL,NULL,'','210000000270010.png','210000000630000',2,'100001.210000000630000.210000002404000.','19','NO','/hr/core/hrDutyInst/personalList.do',NULL,'NO','0',NULL,1,NULL,NULL,NULL);

INSERT INTO sys_menu (MENU_ID_, SYS_ID_, NAME_, KEY_, FORM_, ENTITY_NAME_, MODULE_ID_, ICON_CLS_, IMG_, PARENT_ID_, DEPTH_, PATH_, SN_, IS_MGR_, URL_, SHOW_TYPE_, IS_BTN_MENU_, CHILDS_, TENANT_ID_, CREATE_BY_, CREATE_TIME_, UPDATE_BY_, UPDATE_TIME_)
values ('22','210000000418012','公司门户管理','companyPortalMgr',NULL,NULL,NULL,'','20000000634033.png','21',2,'210000000418012.21.22.','1','NO','/oa/info/insPortal/showEdit.do',NULL,'NO','0',NULL,1,NULL,NULL,NULL);

INSERT INTO sys_menu (MENU_ID_, SYS_ID_, NAME_, KEY_, FORM_, ENTITY_NAME_, MODULE_ID_, ICON_CLS_, IMG_, PARENT_ID_, DEPTH_, PATH_, SN_, IS_MGR_, URL_, SHOW_TYPE_, IS_BTN_MENU_, CHILDS_, TENANT_ID_, CREATE_BY_, CREATE_TIME_, UPDATE_BY_, UPDATE_TIME_)
values ('23','210000000418012','栏目分类管理','instNewsMgr',NULL,NULL,NULL,'','20000000472508.png','21',2,'210000000418012.21.23.','2','NO','/oa/info/insColType/list.do',NULL,'NO','0',NULL,1,NULL,NULL,NULL);

INSERT INTO sys_menu (MENU_ID_, SYS_ID_, NAME_, KEY_, FORM_, ENTITY_NAME_, MODULE_ID_, ICON_CLS_, IMG_, PARENT_ID_, DEPTH_, PATH_, SN_, IS_MGR_, URL_, SHOW_TYPE_, IS_BTN_MENU_, CHILDS_, TENANT_ID_, CREATE_BY_, CREATE_TIME_, UPDATE_BY_, UPDATE_TIME_)
values ('24','100001','个人办公','PersonalWork',NULL,NULL,NULL,'icon-personal_office','','100001',1,'100001.24.','1','NO','',NULL,'NO','11',NULL,1,NULL,NULL,NULL);

INSERT INTO sys_menu (MENU_ID_, SYS_ID_, NAME_, KEY_, FORM_, ENTITY_NAME_, MODULE_ID_, ICON_CLS_, IMG_, PARENT_ID_, DEPTH_, PATH_, SN_, IS_MGR_, URL_, SHOW_TYPE_, IS_BTN_MENU_, CHILDS_, TENANT_ID_, CREATE_BY_, CREATE_TIME_, UPDATE_BY_, UPDATE_TIME_)
values ('2400000000044009','210000000418012','公众号配置编辑','wx_p_config_edit',NULL,NULL,NULL,'','20000000472006.png','20000000042001',2,'210000000418012.20000000042001.2400000000044009.','0','NO','/wx/p/wxPConfig/edit/saas.do',NULL,'NO','0',NULL,1,NULL,NULL,NULL);

INSERT INTO sys_menu (MENU_ID_, SYS_ID_, NAME_, KEY_, FORM_, ENTITY_NAME_, MODULE_ID_, ICON_CLS_, IMG_, PARENT_ID_, DEPTH_, PATH_, SN_, IS_MGR_, URL_, SHOW_TYPE_, IS_BTN_MENU_, CHILDS_, TENANT_ID_, CREATE_BY_, CREATE_TIME_, UPDATE_BY_, UPDATE_TIME_)
values ('2400000000058004','210000000418012','LDAP管理','LDAP',NULL,NULL,NULL,'icon-system-management','','210000000418012',1,'210000000418012.2400000000058004.','0','NO','',NULL,'NO','4',NULL,1,NULL,NULL,NULL);

INSERT INTO sys_menu (MENU_ID_, SYS_ID_, NAME_, KEY_, FORM_, ENTITY_NAME_, MODULE_ID_, ICON_CLS_, IMG_, PARENT_ID_, DEPTH_, PATH_, SN_, IS_MGR_, URL_, SHOW_TYPE_, IS_BTN_MENU_, CHILDS_, TENANT_ID_, CREATE_BY_, CREATE_TIME_, UPDATE_BY_, UPDATE_TIME_)
values ('2400000000058005','210000000418012','LDAP配置','LDAP',NULL,NULL,NULL,'icon-flow-img','210000000270001.png','2400000000058004',2,'210000000418012.2400000000058004.2400000000058005.','0','NO','/sys/ldap/sysLdapConfig/list.do',NULL,'NO','0',NULL,1,NULL,NULL,NULL);

INSERT INTO sys_menu (MENU_ID_, SYS_ID_, NAME_, KEY_, FORM_, ENTITY_NAME_, MODULE_ID_, ICON_CLS_, IMG_, PARENT_ID_, DEPTH_, PATH_, SN_, IS_MGR_, URL_, SHOW_TYPE_, IS_BTN_MENU_, CHILDS_, TENANT_ID_, CREATE_BY_, CREATE_TIME_, UPDATE_BY_, UPDATE_TIME_)
values ('2400000000058006','210000000418012','LDAP组织','LDAP',NULL,NULL,NULL,'icon-flow-img','210000000270001.png','2400000000058004',2,'210000000418012.2400000000058004.2400000000058006.','0','NO','/sys/ldap/sysLdapOu/list.do',NULL,'NO','0',NULL,1,NULL,NULL,NULL);

INSERT INTO sys_menu (MENU_ID_, SYS_ID_, NAME_, KEY_, FORM_, ENTITY_NAME_, MODULE_ID_, ICON_CLS_, IMG_, PARENT_ID_, DEPTH_, PATH_, SN_, IS_MGR_, URL_, SHOW_TYPE_, IS_BTN_MENU_, CHILDS_, TENANT_ID_, CREATE_BY_, CREATE_TIME_, UPDATE_BY_, UPDATE_TIME_)
values ('2400000000058007','210000000418012','LDAP人员','LDAP',NULL,NULL,NULL,'icon-flow-img','210000000270001.png','2400000000058004',2,'210000000418012.2400000000058004.2400000000058007.','0','NO','/sys/ldap/sysLdapCn/list.do',NULL,'NO','0',NULL,1,NULL,NULL,NULL);

INSERT INTO sys_menu (MENU_ID_, SYS_ID_, NAME_, KEY_, FORM_, ENTITY_NAME_, MODULE_ID_, ICON_CLS_, IMG_, PARENT_ID_, DEPTH_, PATH_, SN_, IS_MGR_, URL_, SHOW_TYPE_, IS_BTN_MENU_, CHILDS_, TENANT_ID_, CREATE_BY_, CREATE_TIME_, UPDATE_BY_, UPDATE_TIME_)
values ('2400000000058008','210000000418012','LDAP日志','LDAP',NULL,NULL,NULL,'icon-flow-img','210000000270001.png','2400000000058004',2,'210000000418012.2400000000058004.2400000000058008.','0','NO','/sys/ldap/sysLdapLog/list.do',NULL,'NO','0',NULL,1,NULL,NULL,NULL);

INSERT INTO sys_menu (MENU_ID_, SYS_ID_, NAME_, KEY_, FORM_, ENTITY_NAME_, MODULE_ID_, ICON_CLS_, IMG_, PARENT_ID_, DEPTH_, PATH_, SN_, IS_MGR_, URL_, SHOW_TYPE_, IS_BTN_MENU_, CHILDS_, TENANT_ID_, CREATE_BY_, CREATE_TIME_, UPDATE_BY_, UPDATE_TIME_)
values ('240000000218121','210000000573000','流程授权管理','bpmASeting',NULL,NULL,NULL,'icon-window','','210000000573000',1,'210000000573000.240000000218121.','7','NO','/bpm/core/bpmAuthSetting/list.do',NULL,'NO','0',NULL,1,NULL,NULL,NULL);

INSERT INTO sys_menu (MENU_ID_, SYS_ID_, NAME_, KEY_, FORM_, ENTITY_NAME_, MODULE_ID_, ICON_CLS_, IMG_, PARENT_ID_, DEPTH_, PATH_, SN_, IS_MGR_, URL_, SHOW_TYPE_, IS_BTN_MENU_, CHILDS_, TENANT_ID_, CREATE_BY_, CREATE_TIME_, UPDATE_BY_, UPDATE_TIME_)
values ('240000000218122','210000000573000','手机表单配置管理','bpmMobileForm',NULL,NULL,NULL,'icon-phone','','210000000573000',1,'210000000573000.240000000218122.','8','NO','/bpm/form/bpmMobileForm/list.do',NULL,'NO','0',NULL,1,NULL,NULL,NULL);

INSERT INTO sys_menu (MENU_ID_, SYS_ID_, NAME_, KEY_, FORM_, ENTITY_NAME_, MODULE_ID_, ICON_CLS_, IMG_, PARENT_ID_, DEPTH_, PATH_, SN_, IS_MGR_, URL_, SHOW_TYPE_, IS_BTN_MENU_, CHILDS_, TENANT_ID_, CREATE_BY_, CREATE_TIME_, UPDATE_BY_, UPDATE_TIME_)
values ('240000000218123','210000000573000','手机表单模板管理','bpmFormTemplate',NULL,NULL,NULL,'icon-example','','210000000573000',1,'210000000573000.240000000218123.','9','NO','/bpm/form/bpmFormTemplate/list.do',NULL,'NO','0',NULL,1,NULL,NULL,NULL);

INSERT INTO sys_menu (MENU_ID_, SYS_ID_, NAME_, KEY_, FORM_, ENTITY_NAME_, MODULE_ID_, ICON_CLS_, IMG_, PARENT_ID_, DEPTH_, PATH_, SN_, IS_MGR_, URL_, SHOW_TYPE_, IS_BTN_MENU_, CHILDS_, TENANT_ID_, CREATE_BY_, CREATE_TIME_, UPDATE_BY_, UPDATE_TIME_)
values ('240000000291000','210000000418012','工作日历','workCal',NULL,NULL,NULL,'','','1',2,'210000000418012.1.240000000291000.','9','NO','/oa/calendar/calSetting/list.do',NULL,'NO','0',NULL,1,NULL,NULL,NULL);

INSERT INTO sys_menu (MENU_ID_, SYS_ID_, NAME_, KEY_, FORM_, ENTITY_NAME_, MODULE_ID_, ICON_CLS_, IMG_, PARENT_ID_, DEPTH_, PATH_, SN_, IS_MGR_, URL_, SHOW_TYPE_, IS_BTN_MENU_, CHILDS_, TENANT_ID_, CREATE_BY_, CREATE_TIME_, UPDATE_BY_, UPDATE_TIME_)
values ('25','100001','我的流程草稿','myDrafts',NULL,NULL,NULL,'','20000000472449.png','24',2,'100001.24.25.','1','NO','/bpm/core/bpmInst/myDrafts.do',NULL,'NO','0',NULL,1,NULL,NULL,NULL);

INSERT INTO sys_menu (MENU_ID_, SYS_ID_, NAME_, KEY_, FORM_, ENTITY_NAME_, MODULE_ID_, ICON_CLS_, IMG_, PARENT_ID_, DEPTH_, PATH_, SN_, IS_MGR_, URL_, SHOW_TYPE_, IS_BTN_MENU_, CHILDS_, TENANT_ID_, CREATE_BY_, CREATE_TIME_, UPDATE_BY_, UPDATE_TIME_)
values ('26','100001','我的待办事项','myTasks',NULL,NULL,NULL,'','20000000472443.png','24',2,'100001.24.26.','0','NO','/bpm/core/bpmTask/myList.do',NULL,'NO','0',NULL,1,NULL,NULL,NULL);

INSERT INTO sys_menu (MENU_ID_, SYS_ID_, NAME_, KEY_, FORM_, ENTITY_NAME_, MODULE_ID_, ICON_CLS_, IMG_, PARENT_ID_, DEPTH_, PATH_, SN_, IS_MGR_, URL_, SHOW_TYPE_, IS_BTN_MENU_, CHILDS_, TENANT_ID_, CREATE_BY_, CREATE_TIME_, UPDATE_BY_, UPDATE_TIME_)
values ('27','100001','我的附件','myAttachs',NULL,NULL,NULL,'','20000000472442.png','24',2,'100001.24.27.','0','NO','/sys/core/sysFile/myMgr.do',NULL,'NO','0',NULL,1,NULL,NULL,NULL);

INSERT INTO sys_menu (MENU_ID_, SYS_ID_, NAME_, KEY_, FORM_, ENTITY_NAME_, MODULE_ID_, ICON_CLS_, IMG_, PARENT_ID_, DEPTH_, PATH_, SN_, IS_MGR_, URL_, SHOW_TYPE_, IS_BTN_MENU_, CHILDS_, TENANT_ID_, CREATE_BY_, CREATE_TIME_, UPDATE_BY_, UPDATE_TIME_)
values ('28','100001','文档管理','docMgr',NULL,NULL,NULL,'icon-document-management','','100001',1,'100001.28.','2','NO','',NULL,'NO','4',NULL,1,NULL,NULL,NULL);

INSERT INTO sys_menu (MENU_ID_, SYS_ID_, NAME_, KEY_, FORM_, ENTITY_NAME_, MODULE_ID_, ICON_CLS_, IMG_, PARENT_ID_, DEPTH_, PATH_, SN_, IS_MGR_, URL_, SHOW_TYPE_, IS_BTN_MENU_, CHILDS_, TENANT_ID_, CREATE_BY_, CREATE_TIME_, UPDATE_BY_, UPDATE_TIME_)
values ('29','100001','个人文档','mydoc',NULL,NULL,NULL,'','20000000634304.png','28',2,'100001.28.29.','0','NO','/oa/doc/docFolder/list.do',NULL,'NO','0',NULL,1,NULL,NULL,NULL);

INSERT INTO sys_menu (MENU_ID_, SYS_ID_, NAME_, KEY_, FORM_, ENTITY_NAME_, MODULE_ID_, ICON_CLS_, IMG_, PARENT_ID_, DEPTH_, PATH_, SN_, IS_MGR_, URL_, SHOW_TYPE_, IS_BTN_MENU_, CHILDS_, TENANT_ID_, CREATE_BY_, CREATE_TIME_, UPDATE_BY_, UPDATE_TIME_)
values ('3','210000000418012','菜单管理','sysMenuMgr',NULL,NULL,NULL,'','20000000472029.png','1',2,'210000000418012.1.3.','0','YES','/sys/core/sysMenu/mgr.do',NULL,'NO','0',NULL,1,NULL,NULL,NULL);

INSERT INTO sys_menu (MENU_ID_, SYS_ID_, NAME_, KEY_, FORM_, ENTITY_NAME_, MODULE_ID_, ICON_CLS_, IMG_, PARENT_ID_, DEPTH_, PATH_, SN_, IS_MGR_, URL_, SHOW_TYPE_, IS_BTN_MENU_, CHILDS_, TENANT_ID_, CREATE_BY_, CREATE_TIME_, UPDATE_BY_, UPDATE_TIME_)
values ('30','100001','公司文档','companyDoc',NULL,NULL,NULL,'','20000000634308.png','28',2,'100001.28.30.','0','NO','/oa/doc/companyFolder/showList.do',NULL,'NO','0',NULL,1,NULL,NULL,NULL);

INSERT INTO sys_menu (MENU_ID_, SYS_ID_, NAME_, KEY_, FORM_, ENTITY_NAME_, MODULE_ID_, ICON_CLS_, IMG_, PARENT_ID_, DEPTH_, PATH_, SN_, IS_MGR_, URL_, SHOW_TYPE_, IS_BTN_MENU_, CHILDS_, TENANT_ID_, CREATE_BY_, CREATE_TIME_, UPDATE_BY_, UPDATE_TIME_)
values ('3000000000000001','20000000050001','控件设计','controlDesigner',NULL,NULL,NULL,'','','20000000050003',2,'20000000050001.20000000050003.3000000000000001.','0','NO','/help/core/controlDesignerDlg.do',NULL,'NO','0',NULL,1,NULL,NULL,NULL);

INSERT INTO sys_menu (MENU_ID_, SYS_ID_, NAME_, KEY_, FORM_, ENTITY_NAME_, MODULE_ID_, ICON_CLS_, IMG_, PARENT_ID_, DEPTH_, PATH_, SN_, IS_MGR_, URL_, SHOW_TYPE_, IS_BTN_MENU_, CHILDS_, TENANT_ID_, CREATE_BY_, CREATE_TIME_, UPDATE_BY_, UPDATE_TIME_)
values ('31','100001','共享文档','shareDoc',NULL,NULL,NULL,'','20000000634295.png','28',2,'100001.28.31.','0','NO','/oa/doc/shareFolder/list.do',NULL,'NO','0',NULL,1,NULL,NULL,NULL);

INSERT INTO sys_menu (MENU_ID_, SYS_ID_, NAME_, KEY_, FORM_, ENTITY_NAME_, MODULE_ID_, ICON_CLS_, IMG_, PARENT_ID_, DEPTH_, PATH_, SN_, IS_MGR_, URL_, SHOW_TYPE_, IS_BTN_MENU_, CHILDS_, TENANT_ID_, CREATE_BY_, CREATE_TIME_, UPDATE_BY_, UPDATE_TIME_)
values ('32','100001','邮箱管理','mailMgr',NULL,NULL,NULL,'icon-email','','100001',1,'100001.32.','7','NO','',NULL,'NO','4',NULL,1,NULL,NULL,NULL);

INSERT INTO sys_menu (MENU_ID_, SYS_ID_, NAME_, KEY_, FORM_, ENTITY_NAME_, MODULE_ID_, ICON_CLS_, IMG_, PARENT_ID_, DEPTH_, PATH_, SN_, IS_MGR_, URL_, SHOW_TYPE_, IS_BTN_MENU_, CHILDS_, TENANT_ID_, CREATE_BY_, CREATE_TIME_, UPDATE_BY_, UPDATE_TIME_)
values ('33','100001','外部邮箱','outMailConfig',NULL,NULL,NULL,'','20000000634397.png','32',2,'100001.32.33.','2','NO','/oa/mail/mailConfig/getAllConfig.do',NULL,'NO','0',NULL,1,NULL,NULL,NULL);

INSERT INTO sys_menu (MENU_ID_, SYS_ID_, NAME_, KEY_, FORM_, ENTITY_NAME_, MODULE_ID_, ICON_CLS_, IMG_, PARENT_ID_, DEPTH_, PATH_, SN_, IS_MGR_, URL_, SHOW_TYPE_, IS_BTN_MENU_, CHILDS_, TENANT_ID_, CREATE_BY_, CREATE_TIME_, UPDATE_BY_, UPDATE_TIME_)
values ('3660000000000001','210000000418012','自定义SQL','sysDbSql',NULL,NULL,NULL,'','20000000472661.png','1',2,'210000000418012.1.3660000000000001.','1','YES','/sys/db/sysDbSql/list.do',NULL,'NO','0',NULL,1,NULL,NULL,NULL);

INSERT INTO sys_menu (MENU_ID_, SYS_ID_, NAME_, KEY_, FORM_, ENTITY_NAME_, MODULE_ID_, ICON_CLS_, IMG_, PARENT_ID_, DEPTH_, PATH_, SN_, IS_MGR_, URL_, SHOW_TYPE_, IS_BTN_MENU_, CHILDS_, TENANT_ID_, CREATE_BY_, CREATE_TIME_, UPDATE_BY_, UPDATE_TIME_)
values ('4','210000000418012','功能模块注册','sysMoudleMgr',NULL,NULL,NULL,'','20000000472106.png','1',2,'210000000418012.1.4.','0','YES','/sys/core/sysModule/list.do',NULL,'NO','0',NULL,1,NULL,NULL,NULL);

INSERT INTO sys_menu (MENU_ID_, SYS_ID_, NAME_, KEY_, FORM_, ENTITY_NAME_, MODULE_ID_, ICON_CLS_, IMG_, PARENT_ID_, DEPTH_, PATH_, SN_, IS_MGR_, URL_, SHOW_TYPE_, IS_BTN_MENU_, CHILDS_, TENANT_ID_, CREATE_BY_, CREATE_TIME_, UPDATE_BY_, UPDATE_TIME_)
values ('4840000000000003','210000000418000','知识问答主页','kms_question_index',NULL,NULL,NULL,'icon-Knowledge-quiz','','210000000418000',1,'210000000418000.4840000000000003.','13','NO','/kms/core/kdQuestion/index.do?i=3',NULL,'NO','0',NULL,1,NULL,NULL,NULL);

INSERT INTO sys_menu (MENU_ID_, SYS_ID_, NAME_, KEY_, FORM_, ENTITY_NAME_, MODULE_ID_, ICON_CLS_, IMG_, PARENT_ID_, DEPTH_, PATH_, SN_, IS_MGR_, URL_, SHOW_TYPE_, IS_BTN_MENU_, CHILDS_, TENANT_ID_, CREATE_BY_, CREATE_TIME_, UPDATE_BY_, UPDATE_TIME_)
values ('4960000000000001','100001','日程管理','taskCalendar',NULL,NULL,NULL,'','20000000472328.png','20000000003001',2,'100001.20000000003001.4960000000000001.','0','NO','/oa/pro/planTask/myFullCalender.do',NULL,'NO','0',NULL,1,NULL,NULL,NULL);

INSERT INTO sys_menu (MENU_ID_, SYS_ID_, NAME_, KEY_, FORM_, ENTITY_NAME_, MODULE_ID_, ICON_CLS_, IMG_, PARENT_ID_, DEPTH_, PATH_, SN_, IS_MGR_, URL_, SHOW_TYPE_, IS_BTN_MENU_, CHILDS_, TENANT_ID_, CREATE_BY_, CREATE_TIME_, UPDATE_BY_, UPDATE_TIME_)
values ('5','210000000418012','子系统管理','subsystemMgr',NULL,NULL,NULL,'','20000000472486.png','1',2,'210000000418012.1.5.','0','YES','/sys/core/subsystem/list.do',NULL,'NO','0',NULL,1,NULL,NULL,NULL);

INSERT INTO sys_menu (MENU_ID_, SYS_ID_, NAME_, KEY_, FORM_, ENTITY_NAME_, MODULE_ID_, ICON_CLS_, IMG_, PARENT_ID_, DEPTH_, PATH_, SN_, IS_MGR_, URL_, SHOW_TYPE_, IS_BTN_MENU_, CHILDS_, TENANT_ID_, CREATE_BY_, CREATE_TIME_, UPDATE_BY_, UPDATE_TIME_)
values ('5110000000000001','210000000418012','系统流水号','sysSeqFlow',NULL,NULL,NULL,'','20000000472868.png','1',2,'210000000418012.1.5110000000000001.','0','NO','/sys/core/sysSeqId/list.do',NULL,'NO','0',NULL,1,NULL,NULL,NULL);

INSERT INTO sys_menu (MENU_ID_, SYS_ID_, NAME_, KEY_, FORM_, ENTITY_NAME_, MODULE_ID_, ICON_CLS_, IMG_, PARENT_ID_, DEPTH_, PATH_, SN_, IS_MGR_, URL_, SHOW_TYPE_, IS_BTN_MENU_, CHILDS_, TENANT_ID_, CREATE_BY_, CREATE_TIME_, UPDATE_BY_, UPDATE_TIME_)
values ('5110000000000022','5110000000000021','配置','offConfig',NULL,NULL,NULL,'icon-configure','','5110000000000021',1,'5110000000000021.5110000000000022.','0','NO','',NULL,'NO','2',NULL,1,NULL,NULL,NULL);

INSERT INTO sys_menu (MENU_ID_, SYS_ID_, NAME_, KEY_, FORM_, ENTITY_NAME_, MODULE_ID_, ICON_CLS_, IMG_, PARENT_ID_, DEPTH_, PATH_, SN_, IS_MGR_, URL_, SHOW_TYPE_, IS_BTN_MENU_, CHILDS_, TENANT_ID_, CREATE_BY_, CREATE_TIME_, UPDATE_BY_, UPDATE_TIME_)
values ('5310000000000001','5110000000000021','模板配置','docTemplateConfig',NULL,NULL,NULL,'','','5110000000000022',2,'5110000000000021.5110000000000022.5310000000000001.','1','NO','',NULL,'NO','3',NULL,1,NULL,NULL,NULL);

INSERT INTO sys_menu (MENU_ID_, SYS_ID_, NAME_, KEY_, FORM_, ENTITY_NAME_, MODULE_ID_, ICON_CLS_, IMG_, PARENT_ID_, DEPTH_, PATH_, SN_, IS_MGR_, URL_, SHOW_TYPE_, IS_BTN_MENU_, CHILDS_, TENANT_ID_, CREATE_BY_, CREATE_TIME_, UPDATE_BY_, UPDATE_TIME_)
values ('5310000000000002','5110000000000021','套红模板','odDocRedPrintingTemplate',NULL,NULL,NULL,'','20000000472751.png','5310000000000001',3,'5110000000000021.5110000000000022.5310000000000001.5310000000000002.','0','NO','/offdoc/core/odDocTemplate/redprintingList.do?tempType=CAT_RED_PRINTING',NULL,'NO','0',NULL,1,NULL,NULL,NULL);

INSERT INTO sys_menu (MENU_ID_, SYS_ID_, NAME_, KEY_, FORM_, ENTITY_NAME_, MODULE_ID_, ICON_CLS_, IMG_, PARENT_ID_, DEPTH_, PATH_, SN_, IS_MGR_, URL_, SHOW_TYPE_, IS_BTN_MENU_, CHILDS_, TENANT_ID_, CREATE_BY_, CREATE_TIME_, UPDATE_BY_, UPDATE_TIME_)
values ('5310000000000003','5110000000000021','流程配置','oDflowConfig',NULL,NULL,NULL,'','','5110000000000022',2,'5110000000000021.5110000000000022.5310000000000003.','0','NO','',NULL,'NO','2',NULL,1,NULL,NULL,NULL);

INSERT INTO sys_menu (MENU_ID_, SYS_ID_, NAME_, KEY_, FORM_, ENTITY_NAME_, MODULE_ID_, ICON_CLS_, IMG_, PARENT_ID_, DEPTH_, PATH_, SN_, IS_MGR_, URL_, SHOW_TYPE_, IS_BTN_MENU_, CHILDS_, TENANT_ID_, CREATE_BY_, CREATE_TIME_, UPDATE_BY_, UPDATE_TIME_)
values ('5310000000000004','5110000000000021','发文模板','odDocDispatchTemplate',NULL,NULL,NULL,'','20000000634010.png','5310000000000001',3,'5110000000000021.5110000000000022.5310000000000001.5310000000000004.','0','NO','/offdoc/core/odDocTemplate/dispatchList.do?tempType=CAT_DISPATCH_DOCUMENT',NULL,'NO','0',NULL,1,NULL,NULL,NULL);

INSERT INTO sys_menu (MENU_ID_, SYS_ID_, NAME_, KEY_, FORM_, ENTITY_NAME_, MODULE_ID_, ICON_CLS_, IMG_, PARENT_ID_, DEPTH_, PATH_, SN_, IS_MGR_, URL_, SHOW_TYPE_, IS_BTN_MENU_, CHILDS_, TENANT_ID_, CREATE_BY_, CREATE_TIME_, UPDATE_BY_, UPDATE_TIME_)
values ('5310000000000005','5110000000000021','收文模板','odDocIncomingTemplate',NULL,NULL,NULL,'','20000000634011.png','5310000000000001',3,'5110000000000021.5110000000000022.5310000000000001.5310000000000005.','0','NO','/offdoc/core/odDocTemplate/incomingList.do?tempType=CAT_INCOMING_DISPATHCH',NULL,'NO','0',NULL,1,NULL,NULL,NULL);

INSERT INTO sys_menu (MENU_ID_, SYS_ID_, NAME_, KEY_, FORM_, ENTITY_NAME_, MODULE_ID_, ICON_CLS_, IMG_, PARENT_ID_, DEPTH_, PATH_, SN_, IS_MGR_, URL_, SHOW_TYPE_, IS_BTN_MENU_, CHILDS_, TENANT_ID_, CREATE_BY_, CREATE_TIME_, UPDATE_BY_, UPDATE_TIME_)
values ('5310000000000006','5110000000000021','部门收发文流程配置','depDocFlowSet',NULL,NULL,NULL,'','20000000472725.png','5310000000000003',3,'5110000000000021.5110000000000022.5310000000000003.5310000000000006.','0','NO','/offdoc/core/odDocFlow/depFlowSet.do',NULL,'NO','0',NULL,1,NULL,NULL,NULL);

INSERT INTO sys_menu (MENU_ID_, SYS_ID_, NAME_, KEY_, FORM_, ENTITY_NAME_, MODULE_ID_, ICON_CLS_, IMG_, PARENT_ID_, DEPTH_, PATH_, SN_, IS_MGR_, URL_, SHOW_TYPE_, IS_BTN_MENU_, CHILDS_, TENANT_ID_, CREATE_BY_, CREATE_TIME_, UPDATE_BY_, UPDATE_TIME_)
values ('5660000000000001','210000000418012','定时器管理','sysQuartzJob',NULL,NULL,NULL,'','20000000472942.png','1',2,'210000000418012.1.5660000000000001.','2','YES','/sys/core/scheduler/jobList.do',NULL,'NO','0',NULL,1,NULL,NULL,NULL);

INSERT INTO sys_menu (MENU_ID_, SYS_ID_, NAME_, KEY_, FORM_, ENTITY_NAME_, MODULE_ID_, ICON_CLS_, IMG_, PARENT_ID_, DEPTH_, PATH_, SN_, IS_MGR_, URL_, SHOW_TYPE_, IS_BTN_MENU_, CHILDS_, TENANT_ID_, CREATE_BY_, CREATE_TIME_, UPDATE_BY_, UPDATE_TIME_)
values ('5730000000000002','5110000000000021','收发文流程配置','globalDocFlowSet',NULL,NULL,NULL,'','20000000472448.png','5310000000000003',3,'5110000000000021.5110000000000022.5310000000000003.5730000000000002.','0','NO','/offdoc/core/odDocFlow/list.do',NULL,'NO','0',NULL,1,NULL,NULL,NULL);

INSERT INTO sys_menu (MENU_ID_, SYS_ID_, NAME_, KEY_, FORM_, ENTITY_NAME_, MODULE_ID_, ICON_CLS_, IMG_, PARENT_ID_, DEPTH_, PATH_, SN_, IS_MGR_, URL_, SHOW_TYPE_, IS_BTN_MENU_, CHILDS_, TENANT_ID_, CREATE_BY_, CREATE_TIME_, UPDATE_BY_, UPDATE_TIME_)
values ('6','210000000418012','系统树分类管理','sysTreeCatMgr',NULL,NULL,NULL,'','20000000472324.png','1',2,'210000000418012.1.6.','0','YES','/sys/core/sysTreeCat/list.do',NULL,'NO','0',NULL,1,NULL,NULL,NULL);

INSERT INTO sys_menu (MENU_ID_, SYS_ID_, NAME_, KEY_, FORM_, ENTITY_NAME_, MODULE_ID_, ICON_CLS_, IMG_, PARENT_ID_, DEPTH_, PATH_, SN_, IS_MGR_, URL_, SHOW_TYPE_, IS_BTN_MENU_, CHILDS_, TENANT_ID_, CREATE_BY_, CREATE_TIME_, UPDATE_BY_, UPDATE_TIME_)
values ('6270000000000001','5110000000000021','公文收发文','odDocument',NULL,NULL,NULL,'icon-Get-into','','5110000000000021',1,'5110000000000021.6270000000000001.','0','NO','',NULL,'NO','3',NULL,1,NULL,NULL,NULL);

INSERT INTO sys_menu (MENU_ID_, SYS_ID_, NAME_, KEY_, FORM_, ENTITY_NAME_, MODULE_ID_, ICON_CLS_, IMG_, PARENT_ID_, DEPTH_, PATH_, SN_, IS_MGR_, URL_, SHOW_TYPE_, IS_BTN_MENU_, CHILDS_, TENANT_ID_, CREATE_BY_, CREATE_TIME_, UPDATE_BY_, UPDATE_TIME_)
values ('6270000000000002','5110000000000021','发文管理','odDocumentMgr',NULL,NULL,NULL,'','20000000472676.png','6270000000000001',2,'5110000000000021.6270000000000001.6270000000000002.','0','NO','/offdoc/core/odDocument/list.do?',NULL,'NO','0',NULL,1,NULL,NULL,NULL);

INSERT INTO sys_menu (MENU_ID_, SYS_ID_, NAME_, KEY_, FORM_, ENTITY_NAME_, MODULE_ID_, ICON_CLS_, IMG_, PARENT_ID_, DEPTH_, PATH_, SN_, IS_MGR_, URL_, SHOW_TYPE_, IS_BTN_MENU_, CHILDS_, TENANT_ID_, CREATE_BY_, CREATE_TIME_, UPDATE_BY_, UPDATE_TIME_)
values ('6710000000000001','210000000418000','知识问答分类管理','kms_cat_mgr',NULL,NULL,NULL,'icon-Knowledge-quizlist','','210000000418000',1,'210000000418000.6710000000000001.','14','NO','/kms/core/kdQuestion/typeList.do',NULL,'NO','0',NULL,1,NULL,NULL,NULL);

INSERT INTO sys_menu (MENU_ID_, SYS_ID_, NAME_, KEY_, FORM_, ENTITY_NAME_, MODULE_ID_, ICON_CLS_, IMG_, PARENT_ID_, DEPTH_, PATH_, SN_, IS_MGR_, URL_, SHOW_TYPE_, IS_BTN_MENU_, CHILDS_, TENANT_ID_, CREATE_BY_, CREATE_TIME_, UPDATE_BY_, UPDATE_TIME_)
values ('6860000000000020','5110000000000021','收文管理','odDocumentIncomingMgr',NULL,NULL,NULL,'','20000000634282.png','6270000000000001',2,'5110000000000021.6270000000000001.6860000000000020.','0','NO','/offdoc/core/odDocument/incomingList.do?',NULL,'NO','0',NULL,1,NULL,NULL,NULL);

INSERT INTO sys_menu (MENU_ID_, SYS_ID_, NAME_, KEY_, FORM_, ENTITY_NAME_, MODULE_ID_, ICON_CLS_, IMG_, PARENT_ID_, DEPTH_, PATH_, SN_, IS_MGR_, URL_, SHOW_TYPE_, IS_BTN_MENU_, CHILDS_, TENANT_ID_, CREATE_BY_, CREATE_TIME_, UPDATE_BY_, UPDATE_TIME_)
values ('7','210000000418012','数据字典管理','dimMgr',NULL,NULL,NULL,'','20000000472033.png','1',2,'210000000418012.1.7.','0','YES','/sys/core/sysDic/mgr.do',NULL,'NO','0',NULL,1,NULL,NULL,NULL);

INSERT INTO sys_menu (MENU_ID_, SYS_ID_, NAME_, KEY_, FORM_, ENTITY_NAME_, MODULE_ID_, ICON_CLS_, IMG_, PARENT_ID_, DEPTH_, PATH_, SN_, IS_MGR_, URL_, SHOW_TYPE_, IS_BTN_MENU_, CHILDS_, TENANT_ID_, CREATE_BY_, CREATE_TIME_, UPDATE_BY_, UPDATE_TIME_)
values ('7450000000000103','5110000000000021','接收公文','receivDocList',NULL,NULL,NULL,'','20000000472236.png','6270000000000001',2,'5110000000000021.6270000000000001.7450000000000103.','0','NO','/offdoc/core/odDocRec/list.do?',NULL,'NO','0',NULL,1,NULL,NULL,NULL);

INSERT INTO sys_menu (MENU_ID_, SYS_ID_, NAME_, KEY_, FORM_, ENTITY_NAME_, MODULE_ID_, ICON_CLS_, IMG_, PARENT_ID_, DEPTH_, PATH_, SN_, IS_MGR_, URL_, SHOW_TYPE_, IS_BTN_MENU_, CHILDS_, TENANT_ID_, CREATE_BY_, CREATE_TIME_, UPDATE_BY_, UPDATE_TIME_)
values ('7620000000000001','20000000050001','流程方案选择框','bpmSolDialog',NULL,NULL,NULL,'','','20000000050003',2,'20000000050001.20000000050003.7620000000000001.','0','NO','/help/bpm/bpmSolDialog.do',NULL,'NO','0',NULL,1,NULL,NULL,NULL);

INSERT INTO sys_menu (MENU_ID_, SYS_ID_, NAME_, KEY_, FORM_, ENTITY_NAME_, MODULE_ID_, ICON_CLS_, IMG_, PARENT_ID_, DEPTH_, PATH_, SN_, IS_MGR_, URL_, SHOW_TYPE_, IS_BTN_MENU_, CHILDS_, TENANT_ID_, CREATE_BY_, CREATE_TIME_, UPDATE_BY_, UPDATE_TIME_)
values ('7920000000000067','100001','我接收的代办事项','toMeAgentTasks',NULL,NULL,NULL,'','20000000472340.png','24',2,'100001.24.7920000000000067.','4','NO','/bpm/core/bpmTask/agents.do?agent=toMe',NULL,'NO','0',NULL,1,NULL,NULL,NULL);

INSERT INTO sys_menu (MENU_ID_, SYS_ID_, NAME_, KEY_, FORM_, ENTITY_NAME_, MODULE_ID_, ICON_CLS_, IMG_, PARENT_ID_, DEPTH_, PATH_, SN_, IS_MGR_, URL_, SHOW_TYPE_, IS_BTN_MENU_, CHILDS_, TENANT_ID_, CREATE_BY_, CREATE_TIME_, UPDATE_BY_, UPDATE_TIME_)
values ('8','210000000418012','组织架构管理','sysOrgMgr',NULL,NULL,NULL,'icon-Organization-management','','210000000418012',1,'210000000418012.8.','2','NO','',NULL,'NO','5',NULL,1,NULL,NULL,NULL);

INSERT INTO sys_menu (MENU_ID_, SYS_ID_, NAME_, KEY_, FORM_, ENTITY_NAME_, MODULE_ID_, ICON_CLS_, IMG_, PARENT_ID_, DEPTH_, PATH_, SN_, IS_MGR_, URL_, SHOW_TYPE_, IS_BTN_MENU_, CHILDS_, TENANT_ID_, CREATE_BY_, CREATE_TIME_, UPDATE_BY_, UPDATE_TIME_)
values ('8270000000000001','210000000418000','知识仓库','kms_doc_index',NULL,NULL,NULL,'icon-Knowledge-management','','210000000418000',1,'210000000418000.8270000000000001.','0','NO','/kms/core/kdDoc/home.do',NULL,'NO','0',NULL,1,NULL,NULL,NULL);

INSERT INTO sys_menu (MENU_ID_, SYS_ID_, NAME_, KEY_, FORM_, ENTITY_NAME_, MODULE_ID_, ICON_CLS_, IMG_, PARENT_ID_, DEPTH_, PATH_, SN_, IS_MGR_, URL_, SHOW_TYPE_, IS_BTN_MENU_, CHILDS_, TENANT_ID_, CREATE_BY_, CREATE_TIME_, UPDATE_BY_, UPDATE_TIME_)
values ('8900000000000001','210000000418000','知识仓库后台管理','kms_doc_mgr',NULL,NULL,NULL,'icon-warehouse-management','','210000000418000',1,'210000000418000.8900000000000001.','0','NO','/kms/core/kdDoc/list.do',NULL,'NO','0',NULL,1,NULL,NULL,NULL);

INSERT INTO sys_menu (MENU_ID_, SYS_ID_, NAME_, KEY_, FORM_, ENTITY_NAME_, MODULE_ID_, ICON_CLS_, IMG_, PARENT_ID_, DEPTH_, PATH_, SN_, IS_MGR_, URL_, SHOW_TYPE_, IS_BTN_MENU_, CHILDS_, TENANT_ID_, CREATE_BY_, CREATE_TIME_, UPDATE_BY_, UPDATE_TIME_)
values ('8960000000000001','100001','我转交的代办事项','toOtherAgentTasks',NULL,NULL,NULL,'','20000000472342.png','24',2,'100001.24.8960000000000001.','6','NO','/bpm/core/bpmTask/agents.do?agent=toOther',NULL,'NO','0',NULL,1,NULL,NULL,NULL);

INSERT INTO sys_menu (MENU_ID_, SYS_ID_, NAME_, KEY_, FORM_, ENTITY_NAME_, MODULE_ID_, ICON_CLS_, IMG_, PARENT_ID_, DEPTH_, PATH_, SN_, IS_MGR_, URL_, SHOW_TYPE_, IS_BTN_MENU_, CHILDS_, TENANT_ID_, CREATE_BY_, CREATE_TIME_, UPDATE_BY_, UPDATE_TIME_)
values ('9','210000000418012','组织维度管理','sysDimensionList',NULL,NULL,NULL,'','6460000000000001.png','8',2,'210000000418012.8.9.','0','NO','/sys/org/osDimension/list.do',NULL,'NO','0',NULL,1,NULL,NULL,NULL);

INSERT INTO sys_menu (MENU_ID_, SYS_ID_, NAME_, KEY_, FORM_, ENTITY_NAME_, MODULE_ID_, ICON_CLS_, IMG_, PARENT_ID_, DEPTH_, PATH_, SN_, IS_MGR_, URL_, SHOW_TYPE_, IS_BTN_MENU_, CHILDS_, TENANT_ID_, CREATE_BY_, CREATE_TIME_, UPDATE_BY_, UPDATE_TIME_)
values ('9060000000000001','210000000418000','专家列表','kms_question_kduser',NULL,NULL,NULL,'icon-expertlist','','210000000418000',1,'210000000418000.9060000000000001.','15','NO','/kms/core/kdUser/list.do',NULL,'NO','0',NULL,1,NULL,NULL,NULL);


-- 9 系统分类数据

INSERT INTO SYS_TREE_CAT (CAT_ID_, KEY_, NAME_, SN_, DESCP_, TENANT_ID_, CREATE_BY_, CREATE_TIME_, UPDATE_BY_, UPDATE_TIME_) VALUES ('1', 'CAT_FORM_MODEL', '业务模型分类', 1, '业务模型分类', '0', '1', NULL, NULL, NULL);
INSERT INTO SYS_TREE_CAT (CAT_ID_, KEY_, NAME_, SN_, DESCP_, TENANT_ID_, CREATE_BY_, CREATE_TIME_, UPDATE_BY_, UPDATE_TIME_) VALUES ('2', 'CAT_SYS', '系统分类', 3, '系统分类', '0', NULL, NULL, NULL, NULL);
INSERT INTO SYS_TREE_CAT (CAT_ID_, KEY_, NAME_, SN_, DESCP_, TENANT_ID_, CREATE_BY_, CREATE_TIME_, UPDATE_BY_, UPDATE_TIME_) VALUES ('3', 'CAT_DIM', '数据字典', 2, '数据字典', '0', '1', NULL, NULL, NULL);
INSERT INTO SYS_TREE_CAT (CAT_ID_, KEY_, NAME_, SN_, DESCP_, TENANT_ID_, CREATE_BY_, CREATE_TIME_, UPDATE_BY_, UPDATE_TIME_) VALUES ('4', 'CAT_BPM_SOLUTION', '流程解决方案分类', 3, '流程解决方案分类', '0', '1', NULL, NULL, NULL);
INSERT INTO SYS_TREE_CAT (CAT_ID_, KEY_, NAME_, SN_, DESCP_, TENANT_ID_, CREATE_BY_, CREATE_TIME_, UPDATE_BY_, UPDATE_TIME_) VALUES ('5', 'CAT_FORM_VIEW', '业务表单视图分类', 4, '业务表单视图分类', '0', '1', NULL, NULL, NULL);
INSERT INTO SYS_TREE_CAT (CAT_ID_, KEY_, NAME_, SN_, DESCP_, TENANT_ID_, CREATE_BY_, CREATE_TIME_, UPDATE_BY_, UPDATE_TIME_) VALUES ('6', 'CAT_BPM_DEF', '流程定义分类', 1, '流程定义分类', '0', '1', NULL, NULL, NULL);
INSERT INTO SYS_TREE_CAT (CAT_ID_, KEY_, NAME_, SN_, DESCP_, TENANT_ID_, CREATE_BY_, CREATE_TIME_, UPDATE_BY_, UPDATE_TIME_) VALUES ('20000000009001', 'CAT_DOC', '文档分类管理', 1, '文档分类管理', '1', '1', NULL, NULL, NULL);
INSERT INTO SYS_TREE_CAT (CAT_ID_, KEY_, NAME_, SN_, DESCP_, TENANT_ID_, CREATE_BY_, CREATE_TIME_, UPDATE_BY_, UPDATE_TIME_) VALUES ('20000000239015', 'CAT_TEMPLATE', '系统模板分类', 8, '系统模板分类', '1', NULL, NULL, NULL, NULL);
INSERT INTO SYS_TREE_CAT (CAT_ID_, KEY_, NAME_, SN_, DESCP_, TENANT_ID_, CREATE_BY_, CREATE_TIME_, UPDATE_BY_, UPDATE_TIME_) VALUES ('210000000477060', 'CAT_ASSETS_SORT', '资产分类', 1, '', '1', '1', NULL, NULL, NULL);
INSERT INTO SYS_TREE_CAT (CAT_ID_, KEY_, NAME_, SN_, DESCP_, TENANT_ID_, CREATE_BY_, CREATE_TIME_, UPDATE_BY_, UPDATE_TIME_) VALUES ('2350000000000005', 'CAT_REPORT', '报表分类', 1, '用于报表的分类', '1', '1', NULL, NULL, NULL);
INSERT INTO SYS_TREE_CAT (CAT_ID_, KEY_, NAME_, SN_, DESCP_, TENANT_ID_, CREATE_BY_, CREATE_TIME_, UPDATE_BY_, UPDATE_TIME_) VALUES ('4840000000000001', 'CAT_KMS', '知识管理系统分类', 9, '知识管理系统分类', '1', '1', NULL, NULL, NULL);
INSERT INTO SYS_TREE_CAT (CAT_ID_, KEY_, NAME_, SN_, DESCP_, TENANT_ID_, CREATE_BY_, CREATE_TIME_, UPDATE_BY_, UPDATE_TIME_) VALUES ('5150000000000003', 'CAT_RED_PRINTING', '套红分类', 1, '套红模板分类', '1', '1', NULL, NULL, NULL);
INSERT INTO SYS_TREE_CAT (CAT_ID_, KEY_, NAME_, SN_, DESCP_, TENANT_ID_, CREATE_BY_, CREATE_TIME_, UPDATE_BY_, UPDATE_TIME_) VALUES ('5150000000000004', 'CAT_DISPATCH_DOCUMENT', '发文分类', 1, '发文模板分类', '1', '1', NULL, NULL, NULL);
INSERT INTO SYS_TREE_CAT (CAT_ID_, KEY_, NAME_, SN_, DESCP_, TENANT_ID_, CREATE_BY_, CREATE_TIME_, UPDATE_BY_, UPDATE_TIME_) VALUES ('5150000000000005', 'CAT_INCOMING_DISPATHCH', '收文分类', 1, '收文模板分类', '1', '1', NULL, NULL, NULL);

-- 10.系统分类树数据
INSERT INTO SYS_TREE (TREE_ID_, NAME_, PATH_, DEPTH_, PARENT_ID_, KEY_, CODE_, DESCP_, CAT_KEY_, SN_, DATA_SHOW_TYPE_, CHILDS_, USER_ID_, TENANT_ID_, CREATE_BY_, CREATE_TIME_, UPDATE_BY_, UPDATE_TIME_) VALUES ('1', '系统缺省', '0.1.', 1, '', '_SysDefault', NULL, NULL, 'CAT_DIM', 1, 'FLAT', NULL, NULL, '1', '1', NULL, NULL, NULL);
INSERT INTO SYS_TREE (TREE_ID_, NAME_, PATH_, DEPTH_, PARENT_ID_, KEY_, CODE_, DESCP_, CAT_KEY_, SN_, DATA_SHOW_TYPE_, CHILDS_, USER_ID_, TENANT_ID_, CREATE_BY_, CREATE_TIME_, UPDATE_BY_, UPDATE_TIME_) VALUES ('2', '流程模块', '0.1.2.', 2, '1', '_BpmModule', NULL, NULL, 'CAT_DIM', 1, 'FLAT', NULL, NULL, '1', '1', NULL, NULL, NULL);
INSERT INTO SYS_TREE (TREE_ID_, NAME_, PATH_, DEPTH_, PARENT_ID_, KEY_, CODE_, DESCP_, CAT_KEY_, SN_, DATA_SHOW_TYPE_, CHILDS_, USER_ID_, TENANT_ID_, CREATE_BY_, CREATE_TIME_, UPDATE_BY_, UPDATE_TIME_) VALUES ('3', '表单', '0.1.2.3.', 3, '2', '_FormModel', NULL, NULL, 'CAT_DIM', 1, 'FLAT', NULL, NULL, '1', '1', NULL, NULL, NULL);
INSERT INTO SYS_TREE (TREE_ID_, NAME_, PATH_, DEPTH_, PARENT_ID_, KEY_, CODE_, DESCP_, CAT_KEY_, SN_, DATA_SHOW_TYPE_, CHILDS_, USER_ID_, TENANT_ID_, CREATE_BY_, CREATE_TIME_, UPDATE_BY_, UPDATE_TIME_) VALUES ('4', '控件类型', '0.1.2.3.4.', 4, '3', 'CTL_TYPE_', NULL, NULL, 'CAT_DIM', 1, 'FLAT', NULL, NULL, '1', '1', NULL, NULL, NULL);
INSERT INTO SYS_TREE (TREE_ID_, NAME_, PATH_, DEPTH_, PARENT_ID_, KEY_, CODE_, DESCP_, CAT_KEY_, SN_, DATA_SHOW_TYPE_, CHILDS_, USER_ID_, TENANT_ID_, CREATE_BY_, CREATE_TIME_, UPDATE_BY_, UPDATE_TIME_) VALUES ('5', '表单字段检验', '0.1.2.3.5.', 4, '3', '_FieldValidateRule', NULL, NULL, 'CAT_DIM', 2, 'FLAT', NULL, NULL, '1', '1', NULL, NULL, NULL);
INSERT INTO SYS_TREE (TREE_ID_, NAME_, PATH_, DEPTH_, PARENT_ID_, KEY_, CODE_, DESCP_, CAT_KEY_, SN_, DATA_SHOW_TYPE_, CHILDS_, USER_ID_, TENANT_ID_, CREATE_BY_, CREATE_TIME_, UPDATE_BY_, UPDATE_TIME_) VALUES ('6', '表单类型', '0.1.2.3.6.', 4, '3', '_FORM_TYPE', NULL, NULL, 'CAT_DIM', 3, 'FLAT', NULL, NULL, '1', '1', NULL, NULL, NULL);
INSERT INTO SYS_TREE (TREE_ID_, NAME_, PATH_, DEPTH_, PARENT_ID_, KEY_, CODE_, DESCP_, CAT_KEY_, SN_, DATA_SHOW_TYPE_, CHILDS_, USER_ID_, TENANT_ID_, CREATE_BY_, CREATE_TIME_, UPDATE_BY_, UPDATE_TIME_) VALUES ('20000000003003', '企业办公产品', '0.20000000003003.', 1, '', 'OA_PRO', NULL, NULL, 'CAT_PRO', 1, 'FLAT', NULL, NULL, '1', '1', NULL, NULL, NULL);
INSERT INTO SYS_TREE (TREE_ID_, NAME_, PATH_, DEPTH_, PARENT_ID_, KEY_, CODE_, DESCP_, CAT_KEY_, SN_, DATA_SHOW_TYPE_, CHILDS_, USER_ID_, TENANT_ID_, CREATE_BY_, CREATE_TIME_, UPDATE_BY_, UPDATE_TIME_) VALUES ('20000000004001', '企业信息化产品', '0.20000000004001.', 1, '', 'ENT_PRO', NULL, NULL, 'CAT_PRO', 1, 'FLAT', NULL, NULL, '1', '1', NULL, NULL, NULL);
INSERT INTO SYS_TREE (TREE_ID_, NAME_, PATH_, DEPTH_, PARENT_ID_, KEY_, CODE_, DESCP_, CAT_KEY_, SN_, DATA_SHOW_TYPE_, CHILDS_, USER_ID_, TENANT_ID_, CREATE_BY_, CREATE_TIME_, UPDATE_BY_, UPDATE_TIME_) VALUES ('20000000009002', '行政管理', '0.20000000009002.', 1, '', 'ADMIN_MGR', NULL, NULL, 'CAT_DOC', 1, 'FLAT', NULL, NULL, '1', '1', NULL, NULL, NULL);
INSERT INTO SYS_TREE (TREE_ID_, NAME_, PATH_, DEPTH_, PARENT_ID_, KEY_, CODE_, DESCP_, CAT_KEY_, SN_, DATA_SHOW_TYPE_, CHILDS_, USER_ID_, TENANT_ID_, CREATE_BY_, CREATE_TIME_, UPDATE_BY_, UPDATE_TIME_) VALUES ('20000000009003', '人力资源', '0.20000000009002.20000000009003.', 2, '20000000009002', '人力资源', NULL, NULL, 'CAT_DOC', 1, 'FLAT', NULL, NULL, '1', '1', NULL, NULL, NULL);
INSERT INTO SYS_TREE (TREE_ID_, NAME_, PATH_, DEPTH_, PARENT_ID_, KEY_, CODE_, DESCP_, CAT_KEY_, SN_, DATA_SHOW_TYPE_, CHILDS_, USER_ID_, TENANT_ID_, CREATE_BY_, CREATE_TIME_, UPDATE_BY_, UPDATE_TIME_) VALUES ('20000000009004', '证券经纪管理', '0.20000000009002.20000000009003.20000000009004.', 3, '20000000009003', 'jinjiMgr', NULL, NULL, 'CAT_DOC', 1, 'FLAT', NULL, NULL, '1', '1', NULL, NULL, NULL);
INSERT INTO SYS_TREE (TREE_ID_, NAME_, PATH_, DEPTH_, PARENT_ID_, KEY_, CODE_, DESCP_, CAT_KEY_, SN_, DATA_SHOW_TYPE_, CHILDS_, USER_ID_, TENANT_ID_, CREATE_BY_, CREATE_TIME_, UPDATE_BY_, UPDATE_TIME_) VALUES ('20000000009005', '数据分析业务', '0.20000000009002.20000000009005.', 2, '20000000009002', 'dataAliast', NULL, NULL, 'CAT_DOC', 1, 'FLAT', NULL, NULL, '1', '1', NULL, NULL, NULL);
INSERT INTO SYS_TREE (TREE_ID_, NAME_, PATH_, DEPTH_, PARENT_ID_, KEY_, CODE_, DESCP_, CAT_KEY_, SN_, DATA_SHOW_TYPE_, CHILDS_, USER_ID_, TENANT_ID_, CREATE_BY_, CREATE_TIME_, UPDATE_BY_, UPDATE_TIME_) VALUES ('20000000009006', '股票类', '0.20000000009002.20000000009005.20000000009006.', 3, '20000000009005', 'gupiaoCat', NULL, NULL, 'CAT_DOC', 1, 'FLAT', NULL, NULL, '1', '1', NULL, NULL, NULL);
INSERT INTO SYS_TREE (TREE_ID_, NAME_, PATH_, DEPTH_, PARENT_ID_, KEY_, CODE_, DESCP_, CAT_KEY_, SN_, DATA_SHOW_TYPE_, CHILDS_, USER_ID_, TENANT_ID_, CREATE_BY_, CREATE_TIME_, UPDATE_BY_, UPDATE_TIME_) VALUES ('20000000009007', '基金类', '0.20000000009002.20000000009005.20000000009007.', 3, '20000000009005', 'jijingCat', NULL, NULL, 'CAT_DOC', 1, 'FLAT', NULL, NULL, '1', '1', NULL, NULL, NULL);
INSERT INTO SYS_TREE (TREE_ID_, NAME_, PATH_, DEPTH_, PARENT_ID_, KEY_, CODE_, DESCP_, CAT_KEY_, SN_, DATA_SHOW_TYPE_, CHILDS_, USER_ID_, TENANT_ID_, CREATE_BY_, CREATE_TIME_, UPDATE_BY_, UPDATE_TIME_) VALUES ('20000000009008', 'HR管理', '0.20000000009002.20000000009008.', 2, '20000000009002', 'HRMgr', NULL, NULL, 'CAT_DOC', 1, 'FLAT', NULL, NULL, '1', '1', NULL, NULL, NULL);
INSERT INTO SYS_TREE (TREE_ID_, NAME_, PATH_, DEPTH_, PARENT_ID_, KEY_, CODE_, DESCP_, CAT_KEY_, SN_, DATA_SHOW_TYPE_, CHILDS_, USER_ID_, TENANT_ID_, CREATE_BY_, CREATE_TIME_, UPDATE_BY_, UPDATE_TIME_) VALUES ('20000000009009', '部门规章制度', '0.20000000009002.20000000009008.20000000009009.', 3, '20000000009008', 'zhiduCat', NULL, NULL, 'CAT_DOC', 1, 'FLAT', NULL, NULL, '1', '1', NULL, NULL, NULL);
INSERT INTO SYS_TREE (TREE_ID_, NAME_, PATH_, DEPTH_, PARENT_ID_, KEY_, CODE_, DESCP_, CAT_KEY_, SN_, DATA_SHOW_TYPE_, CHILDS_, USER_ID_, TENANT_ID_, CREATE_BY_, CREATE_TIME_, UPDATE_BY_, UPDATE_TIME_) VALUES ('20000000009010', '培训与开发', '0.20000000009002.20000000009008.20000000009010.', 3, '20000000009008', 'trainDevMgr', NULL, NULL, 'CAT_DOC', 1, 'FLAT', NULL, NULL, '1', '1', NULL, NULL, NULL);
INSERT INTO SYS_TREE (TREE_ID_, NAME_, PATH_, DEPTH_, PARENT_ID_, KEY_, CODE_, DESCP_, CAT_KEY_, SN_, DATA_SHOW_TYPE_, CHILDS_, USER_ID_, TENANT_ID_, CREATE_BY_, CREATE_TIME_, UPDATE_BY_, UPDATE_TIME_) VALUES ('20000000020004', '行政管理', '0.20000000020004.', 1, '', 'adminKey', NULL, NULL, 'CAT_BPM_SOLUTION', 1, 'FLAT', NULL, NULL, '1', '1', NULL, NULL, NULL);
INSERT INTO SYS_TREE (TREE_ID_, NAME_, PATH_, DEPTH_, PARENT_ID_, KEY_, CODE_, DESCP_, CAT_KEY_, SN_, DATA_SHOW_TYPE_, CHILDS_, USER_ID_, TENANT_ID_, CREATE_BY_, CREATE_TIME_, UPDATE_BY_, UPDATE_TIME_) VALUES ('20000000020007', '开发类', '0.20000000020007.', 1, '', 'busOnKey', NULL, NULL, 'CAT_FORM_MODEL', 1, 'FLAT', NULL, NULL, '1', '1', NULL, NULL, NULL);
INSERT INTO SYS_TREE (TREE_ID_, NAME_, PATH_, DEPTH_, PARENT_ID_, KEY_, CODE_, DESCP_, CAT_KEY_, SN_, DATA_SHOW_TYPE_, CHILDS_, USER_ID_, TENANT_ID_, CREATE_BY_, CREATE_TIME_, UPDATE_BY_, UPDATE_TIME_) VALUES ('20000000022001', '行政管理', '0.20000000022001.', 1, '', 'xx1bc', NULL, NULL, 'CAT_BPM_DEF', 1, 'FLAT', NULL, NULL, '1', '1', NULL, NULL, NULL);
INSERT INTO SYS_TREE (TREE_ID_, NAME_, PATH_, DEPTH_, PARENT_ID_, KEY_, CODE_, DESCP_, CAT_KEY_, SN_, DATA_SHOW_TYPE_, CHILDS_, USER_ID_, TENANT_ID_, CREATE_BY_, CREATE_TIME_, UPDATE_BY_, UPDATE_TIME_) VALUES ('20000000032448', '请假管理', '0.20000000032448.', 1, '', 'admin', '', '', 'CAT_FORM_VIEW', 1, 'FLAT', NULL, NULL, '1', '1', NULL, NULL, NULL);
INSERT INTO SYS_TREE (TREE_ID_, NAME_, PATH_, DEPTH_, PARENT_ID_, KEY_, CODE_, DESCP_, CAT_KEY_, SN_, DATA_SHOW_TYPE_, CHILDS_, USER_ID_, TENANT_ID_, CREATE_BY_, CREATE_TIME_, UPDATE_BY_, UPDATE_TIME_) VALUES ('20000000141031', '客户关系管理', '0.1.20000000141031.', 2, '1', 'KHGXGL', '', '', 'CAT_DIM', 3, 'TREE', NULL, NULL, '1', '1', NULL, NULL, NULL);
INSERT INTO SYS_TREE (TREE_ID_, NAME_, PATH_, DEPTH_, PARENT_ID_, KEY_, CODE_, DESCP_, CAT_KEY_, SN_, DATA_SHOW_TYPE_, CHILDS_, USER_ID_, TENANT_ID_, CREATE_BY_, CREATE_TIME_, UPDATE_BY_, UPDATE_TIME_) VALUES ('20000000141032', '供应商管理', '0.1.20000000141031.20000000141032.', 3, '20000000141031', 'GYSGL', '', '', 'CAT_DIM', 1, 'TREE', NULL, NULL, '1', '1', NULL, NULL, NULL);
INSERT INTO SYS_TREE (TREE_ID_, NAME_, PATH_, DEPTH_, PARENT_ID_, KEY_, CODE_, DESCP_, CAT_KEY_, SN_, DATA_SHOW_TYPE_, CHILDS_, USER_ID_, TENANT_ID_, CREATE_BY_, CREATE_TIME_, UPDATE_BY_, UPDATE_TIME_) VALUES ('20000000141033', '单位级别', '0.1.20000000141031.20000000141032.20000000141033.', 4, '20000000141032', 'DWJB', '', '', 'CAT_DIM', 1, 'FLAT', NULL, NULL, '1', '1', NULL, NULL, NULL);
INSERT INTO SYS_TREE (TREE_ID_, NAME_, PATH_, DEPTH_, PARENT_ID_, KEY_, CODE_, DESCP_, CAT_KEY_, SN_, DATA_SHOW_TYPE_, CHILDS_, USER_ID_, TENANT_ID_, CREATE_BY_, CREATE_TIME_, UPDATE_BY_, UPDATE_TIME_) VALUES ('20000000141037', '单位类型', '0.1.20000000141031.20000000141032.20000000141037.', 4, '20000000141032', 'DWLX', '', '', 'CAT_DIM', 2, 'FLAT', NULL, NULL, '1', '1', NULL, NULL, NULL);
INSERT INTO SYS_TREE (TREE_ID_, NAME_, PATH_, DEPTH_, PARENT_ID_, KEY_, CODE_, DESCP_, CAT_KEY_, SN_, DATA_SHOW_TYPE_, CHILDS_, USER_ID_, TENANT_ID_, CREATE_BY_, CREATE_TIME_, UPDATE_BY_, UPDATE_TIME_) VALUES ('20000000141038', '信用级别', '0.1.20000000141031.20000000141032.20000000141038.', 4, '20000000141032', 'XYJB', '', '', 'CAT_DIM', 1, 'FLAT', NULL, NULL, '1', '1', NULL, NULL, NULL);
INSERT INTO SYS_TREE (TREE_ID_, NAME_, PATH_, DEPTH_, PARENT_ID_, KEY_, CODE_, DESCP_, CAT_KEY_, SN_, DATA_SHOW_TYPE_, CHILDS_, USER_ID_, TENANT_ID_, CREATE_BY_, CREATE_TIME_, UPDATE_BY_, UPDATE_TIME_) VALUES ('20000000145003', '客户关系管理', '0.20000000145003.', 1, '', 'KHGXGL', '', '', 'CAT_BPM_DEF', 1, 'FLAT', NULL, NULL, '1', '1', NULL, NULL, NULL);
INSERT INTO SYS_TREE (TREE_ID_, NAME_, PATH_, DEPTH_, PARENT_ID_, KEY_, CODE_, DESCP_, CAT_KEY_, SN_, DATA_SHOW_TYPE_, CHILDS_, USER_ID_, TENANT_ID_, CREATE_BY_, CREATE_TIME_, UPDATE_BY_, UPDATE_TIME_) VALUES ('20000000145004', '供应商管理', '0.20000000145003.20000000145004.', 2, '20000000145003', 'GYSGL', '', '', 'CAT_BPM_DEF', 1, 'FLAT', NULL, NULL, '1', '1', NULL, NULL, NULL);
INSERT INTO SYS_TREE (TREE_ID_, NAME_, PATH_, DEPTH_, PARENT_ID_, KEY_, CODE_, DESCP_, CAT_KEY_, SN_, DATA_SHOW_TYPE_, CHILDS_, USER_ID_, TENANT_ID_, CREATE_BY_, CREATE_TIME_, UPDATE_BY_, UPDATE_TIME_) VALUES ('20000000239016', '流程管理', '0.20000000239016.', 1, '', 'BPM_MGR', NULL, NULL, 'CAT_TEMPLATE', 1, 'FLAT', NULL, NULL, '1', '1', NULL, NULL, NULL);
INSERT INTO SYS_TREE (TREE_ID_, NAME_, PATH_, DEPTH_, PARENT_ID_, KEY_, CODE_, DESCP_, CAT_KEY_, SN_, DATA_SHOW_TYPE_, CHILDS_, USER_ID_, TENANT_ID_, CREATE_BY_, CREATE_TIME_, UPDATE_BY_, UPDATE_TIME_) VALUES ('20000000256001', '表单模板类型', '0.20000000239016.20000000256001.', 2, '20000000239016', '_FORMVIEW_TEMPLATE', NULL, NULL, 'CAT_TEMPLATE', 1, 'FLAT', NULL, NULL, '1', '1', NULL, NULL, NULL);
INSERT INTO SYS_TREE (TREE_ID_, NAME_, PATH_, DEPTH_, PARENT_ID_, KEY_, CODE_, DESCP_, CAT_KEY_, SN_, DATA_SHOW_TYPE_, CHILDS_, USER_ID_, TENANT_ID_, CREATE_BY_, CREATE_TIME_, UPDATE_BY_, UPDATE_TIME_) VALUES ('20000000441044', '医疗项目', '0.20000000441044.', 1, '', 'hospital', NULL, NULL, 'CAT_PRO', 1, 'FLAT', NULL, NULL, '1', '1', NULL, NULL, NULL);
INSERT INTO SYS_TREE (TREE_ID_, NAME_, PATH_, DEPTH_, PARENT_ID_, KEY_, CODE_, DESCP_, CAT_KEY_, SN_, DATA_SHOW_TYPE_, CHILDS_, USER_ID_, TENANT_ID_, CREATE_BY_, CREATE_TIME_, UPDATE_BY_, UPDATE_TIME_) VALUES ('20000000663007', '系统管理', '0.1.20000000663007.', 2, '1', '_SystemMgr_', NULL, NULL, 'CAT_DIM', 1, 'TREE', NULL, NULL, '1', '1', NULL, NULL, NULL);
INSERT INTO SYS_TREE (TREE_ID_, NAME_, PATH_, DEPTH_, PARENT_ID_, KEY_, CODE_, DESCP_, CAT_KEY_, SN_, DATA_SHOW_TYPE_, CHILDS_, USER_ID_, TENANT_ID_, CREATE_BY_, CREATE_TIME_, UPDATE_BY_, UPDATE_TIME_) VALUES ('20000000663008', '数据库', '0.1.20000000663007.20000000663008.', 3, '20000000663007', '_DatabaseType_', NULL, NULL, 'CAT_DIM', 1, 'FLAT', NULL, NULL, '1', '1', NULL, NULL, NULL);
INSERT INTO SYS_TREE (TREE_ID_, NAME_, PATH_, DEPTH_, PARENT_ID_, KEY_, CODE_, DESCP_, CAT_KEY_, SN_, DATA_SHOW_TYPE_, CHILDS_, USER_ID_, TENANT_ID_, CREATE_BY_, CREATE_TIME_, UPDATE_BY_, UPDATE_TIME_) VALUES ('30000000000010', 'mysql', '0.1.20000000663007.20000000663008.30000000000010.', 4, '20000000663008', '_MYSQL_', NULL, NULL, 'CAT_DIM', 1, 'FLAT', NULL, NULL, '1', '1', NULL, NULL, NULL);
INSERT INTO SYS_TREE (TREE_ID_, NAME_, PATH_, DEPTH_, PARENT_ID_, KEY_, CODE_, DESCP_, CAT_KEY_, SN_, DATA_SHOW_TYPE_, CHILDS_, USER_ID_, TENANT_ID_, CREATE_BY_, CREATE_TIME_, UPDATE_BY_, UPDATE_TIME_) VALUES ('30000000000011', 'oracle', '0.1.20000000663007.20000000663008.30000000000011.', 4, '20000000663008', '_ORACLE_', NULL, NULL, 'CAT_DIM', 1, 'FLAT', NULL, NULL, '1', '1', NULL, NULL, NULL);
INSERT INTO SYS_TREE (TREE_ID_, NAME_, PATH_, DEPTH_, PARENT_ID_, KEY_, CODE_, DESCP_, CAT_KEY_, SN_, DATA_SHOW_TYPE_, CHILDS_, USER_ID_, TENANT_ID_, CREATE_BY_, CREATE_TIME_, UPDATE_BY_, UPDATE_TIME_) VALUES ('30000000000020', '定时器', '0.1.20000000663007.30000000000020.', 3, '20000000663007', '_QUARTZ_', NULL, NULL, 'CAT_DIM', 1, 'FLAT', NULL, NULL, '1', '1', NULL, NULL, NULL);
INSERT INTO SYS_TREE (TREE_ID_, NAME_, PATH_, DEPTH_, PARENT_ID_, KEY_, CODE_, DESCP_, CAT_KEY_, SN_, DATA_SHOW_TYPE_, CHILDS_, USER_ID_, TENANT_ID_, CREATE_BY_, CREATE_TIME_, UPDATE_BY_, UPDATE_TIME_) VALUES ('30000000000021', '微信菜单', '0.1.20000000663007.30000000000020.30000000000021.', 4, '30000000000020', '_WxMenu_', NULL, NULL, 'CAT_DIM', 1, 'FLAT', NULL, NULL, '1', '1', NULL, NULL, NULL);
INSERT INTO SYS_TREE (TREE_ID_, NAME_, PATH_, DEPTH_, PARENT_ID_, KEY_, CODE_, DESCP_, CAT_KEY_, SN_, DATA_SHOW_TYPE_, CHILDS_, USER_ID_, TENANT_ID_, CREATE_BY_, CREATE_TIME_, UPDATE_BY_, UPDATE_TIME_) VALUES ('30000000000022', '微信定时推送', '0.1.20000000663007.30000000000020.30000000000022.', 4, '30000000000020', '_WxMt', NULL, NULL, 'CAT_DIM', 1, 'FLAT', NULL, NULL, '1', '1', NULL, NULL, NULL);
INSERT INTO SYS_TREE (TREE_ID_, NAME_, PATH_, DEPTH_, PARENT_ID_, KEY_, CODE_, DESCP_, CAT_KEY_, SN_, DATA_SHOW_TYPE_, CHILDS_, USER_ID_, TENANT_ID_, CREATE_BY_, CREATE_TIME_, UPDATE_BY_, UPDATE_TIME_) VALUES ('210000000010000', '生活知识', '210000000010000.', 0, NULL, 'shzs', NULL, NULL, 'CAT_KMS_KDDOC', 1, NULL, NULL, NULL, '1', '1', NULL, NULL, NULL);
INSERT INTO SYS_TREE (TREE_ID_, NAME_, PATH_, DEPTH_, PARENT_ID_, KEY_, CODE_, DESCP_, CAT_KEY_, SN_, DATA_SHOW_TYPE_, CHILDS_, USER_ID_, TENANT_ID_, CREATE_BY_, CREATE_TIME_, UPDATE_BY_, UPDATE_TIME_) VALUES ('210000000016035', '公司公告', '210000000016035.', 0, NULL, 'Company', NULL, NULL, 'CAT_KMS_KDDOC', 1, NULL, NULL, NULL, '1', '1', NULL, NULL, NULL);
INSERT INTO SYS_TREE (TREE_ID_, NAME_, PATH_, DEPTH_, PARENT_ID_, KEY_, CODE_, DESCP_, CAT_KEY_, SN_, DATA_SHOW_TYPE_, CHILDS_, USER_ID_, TENANT_ID_, CREATE_BY_, CREATE_TIME_, UPDATE_BY_, UPDATE_TIME_) VALUES ('210000000066008', '生活知识', '210000000066008.', 0, NULL, 'shzs', NULL, NULL, 'CAT_KMS_KDQUE', 1, NULL, NULL, NULL, '1', '1', NULL, NULL, NULL);
INSERT INTO SYS_TREE (TREE_ID_, NAME_, PATH_, DEPTH_, PARENT_ID_, KEY_, CODE_, DESCP_, CAT_KEY_, SN_, DATA_SHOW_TYPE_, CHILDS_, USER_ID_, TENANT_ID_, CREATE_BY_, CREATE_TIME_, UPDATE_BY_, UPDATE_TIME_) VALUES ('210000000066010', '生活知识子类', '210000000066008.210000000066010.', 1, '210000000066008', 'shzszl', NULL, NULL, 'CAT_KMS_KDQUE', 1, NULL, NULL, NULL, '1', '1', NULL, NULL, NULL);
INSERT INTO SYS_TREE (TREE_ID_, NAME_, PATH_, DEPTH_, PARENT_ID_, KEY_, CODE_, DESCP_, CAT_KEY_, SN_, DATA_SHOW_TYPE_, CHILDS_, USER_ID_, TENANT_ID_, CREATE_BY_, CREATE_TIME_, UPDATE_BY_, UPDATE_TIME_) VALUES ('210000000066011', '生活知识子子类', '210000000066008.210000000066010.210000000066011.', 2, '210000000066010', 'shzszzl', NULL, NULL, 'CAT_KMS_KDQUE', 1, NULL, NULL, NULL, '1', '1', NULL, NULL, NULL);
INSERT INTO SYS_TREE (TREE_ID_, NAME_, PATH_, DEPTH_, PARENT_ID_, KEY_, CODE_, DESCP_, CAT_KEY_, SN_, DATA_SHOW_TYPE_, CHILDS_, USER_ID_, TENANT_ID_, CREATE_BY_, CREATE_TIME_, UPDATE_BY_, UPDATE_TIME_) VALUES ('210000000066013', '生活知识子类', '210000000010000.210000000066013.', 1, '210000000010000', 'shzszl', NULL, NULL, 'CAT_KMS_KDDOC', 1, NULL, NULL, NULL, '1', '1', NULL, NULL, NULL);
INSERT INTO SYS_TREE (TREE_ID_, NAME_, PATH_, DEPTH_, PARENT_ID_, KEY_, CODE_, DESCP_, CAT_KEY_, SN_, DATA_SHOW_TYPE_, CHILDS_, USER_ID_, TENANT_ID_, CREATE_BY_, CREATE_TIME_, UPDATE_BY_, UPDATE_TIME_) VALUES ('210000000066014', '生活分类子子类', '210000000010000.210000000066013.210000000066014.', 2, '210000000066013', 'shflzzl', NULL, NULL, 'CAT_KMS_KDDOC', 1, NULL, NULL, NULL, '1', '1', NULL, NULL, NULL);
INSERT INTO SYS_TREE (TREE_ID_, NAME_, PATH_, DEPTH_, PARENT_ID_, KEY_, CODE_, DESCP_, CAT_KEY_, SN_, DATA_SHOW_TYPE_, CHILDS_, USER_ID_, TENANT_ID_, CREATE_BY_, CREATE_TIME_, UPDATE_BY_, UPDATE_TIME_) VALUES ('210000000150050', '车辆关系管理', '0.1.210000000150050.', 2, '1', 'CLGXGL', '', '', 'CAT_DIM', 1, 'TREE', NULL, NULL, '1', '1', NULL, NULL, NULL);
INSERT INTO SYS_TREE (TREE_ID_, NAME_, PATH_, DEPTH_, PARENT_ID_, KEY_, CODE_, DESCP_, CAT_KEY_, SN_, DATA_SHOW_TYPE_, CHILDS_, USER_ID_, TENANT_ID_, CREATE_BY_, CREATE_TIME_, UPDATE_BY_, UPDATE_TIME_) VALUES ('210000000150051', '车辆申请管理', '0.1.210000000150050.210000000150051.', 3, '210000000150050', 'CLSQGL', '', '', 'CAT_DIM', 1, 'TREE', NULL, NULL, '1', '1', NULL, NULL, NULL);
INSERT INTO SYS_TREE (TREE_ID_, NAME_, PATH_, DEPTH_, PARENT_ID_, KEY_, CODE_, DESCP_, CAT_KEY_, SN_, DATA_SHOW_TYPE_, CHILDS_, USER_ID_, TENANT_ID_, CREATE_BY_, CREATE_TIME_, UPDATE_BY_, UPDATE_TIME_) VALUES ('210000000150053', '车辆类别', '0.1.210000000150050.210000000150051.210000000150053.', 4, '210000000150051', 'CLLB', '', '', 'CAT_DIM', 1, 'FLAT', NULL, NULL, '1', '1', NULL, NULL, NULL);
INSERT INTO SYS_TREE (TREE_ID_, NAME_, PATH_, DEPTH_, PARENT_ID_, KEY_, CODE_, DESCP_, CAT_KEY_, SN_, DATA_SHOW_TYPE_, CHILDS_, USER_ID_, TENANT_ID_, CREATE_BY_, CREATE_TIME_, UPDATE_BY_, UPDATE_TIME_) VALUES ('210000000313082', '生活知识地图', '210000000313082.', 0, NULL, 'shzsdt', NULL, NULL, 'CAT_KMS_KDMAP', 1, NULL, NULL, NULL, '1', '1', NULL, NULL, NULL);
INSERT INTO SYS_TREE (TREE_ID_, NAME_, PATH_, DEPTH_, PARENT_ID_, KEY_, CODE_, DESCP_, CAT_KEY_, SN_, DATA_SHOW_TYPE_, CHILDS_, USER_ID_, TENANT_ID_, CREATE_BY_, CREATE_TIME_, UPDATE_BY_, UPDATE_TIME_) VALUES ('210000000400000', '自雷', '210000000313082.210000000400000.', 1, '210000000313082', 'zilei', NULL, NULL, 'CAT_KMS_KDMAP', 1, NULL, NULL, NULL, '1', '1', NULL, NULL, NULL);
INSERT INTO SYS_TREE (TREE_ID_, NAME_, PATH_, DEPTH_, PARENT_ID_, KEY_, CODE_, DESCP_, CAT_KEY_, SN_, DATA_SHOW_TYPE_, CHILDS_, USER_ID_, TENANT_ID_, CREATE_BY_, CREATE_TIME_, UPDATE_BY_, UPDATE_TIME_) VALUES ('210000000400041', 'aaa', '210000000313082.210000000400041.', 1, '210000000313082', 'aaaaa', NULL, NULL, 'CAT_KMS_KDMAP', 1, NULL, NULL, NULL, '1', '1', NULL, NULL, NULL);
INSERT INTO SYS_TREE (TREE_ID_, NAME_, PATH_, DEPTH_, PARENT_ID_, KEY_, CODE_, DESCP_, CAT_KEY_, SN_, DATA_SHOW_TYPE_, CHILDS_, USER_ID_, TENANT_ID_, CREATE_BY_, CREATE_TIME_, UPDATE_BY_, UPDATE_TIME_) VALUES ('210000000400042', '第二', '210000000400042.', 0, NULL, 'de', NULL, NULL, 'CAT_KMS_KDMAP', 1, NULL, NULL, NULL, '1', '1', NULL, NULL, NULL);
INSERT INTO SYS_TREE (TREE_ID_, NAME_, PATH_, DEPTH_, PARENT_ID_, KEY_, CODE_, DESCP_, CAT_KEY_, SN_, DATA_SHOW_TYPE_, CHILDS_, USER_ID_, TENANT_ID_, CREATE_BY_, CREATE_TIME_, UPDATE_BY_, UPDATE_TIME_) VALUES ('210000000400043', 'dfgdfg', '210000000313082.210000000400000.210000000400043.', 2, '210000000400000', 'rqwet3dg', NULL, NULL, 'CAT_KMS_KDMAP', 1, NULL, NULL, NULL, '1', '1', NULL, NULL, NULL);
INSERT INTO SYS_TREE (TREE_ID_, NAME_, PATH_, DEPTH_, PARENT_ID_, KEY_, CODE_, DESCP_, CAT_KEY_, SN_, DATA_SHOW_TYPE_, CHILDS_, USER_ID_, TENANT_ID_, CREATE_BY_, CREATE_TIME_, UPDATE_BY_, UPDATE_TIME_) VALUES ('210000000400044', '2546wtwe', '210000000313082.210000000400000.210000000400044.', 2, '210000000400000', '2deyfghfgjfg', NULL, NULL, 'CAT_KMS_KDMAP', 1, NULL, NULL, NULL, '1', '1', NULL, NULL, NULL);
INSERT INTO SYS_TREE (TREE_ID_, NAME_, PATH_, DEPTH_, PARENT_ID_, KEY_, CODE_, DESCP_, CAT_KEY_, SN_, DATA_SHOW_TYPE_, CHILDS_, USER_ID_, TENANT_ID_, CREATE_BY_, CREATE_TIME_, UPDATE_BY_, UPDATE_TIME_) VALUES ('210000000400045', 'tyi6ryfghj', '210000000313082.210000000400045.', 1, '210000000313082', 'rt43324', NULL, NULL, 'CAT_KMS_KDMAP', 1, NULL, NULL, NULL, '1', '1', NULL, NULL, NULL);
INSERT INTO SYS_TREE (TREE_ID_, NAME_, PATH_, DEPTH_, PARENT_ID_, KEY_, CODE_, DESCP_, CAT_KEY_, SN_, DATA_SHOW_TYPE_, CHILDS_, USER_ID_, TENANT_ID_, CREATE_BY_, CREATE_TIME_, UPDATE_BY_, UPDATE_TIME_) VALUES ('210000000400046', 'afgvcbnfdnvb', '210000000313082.210000000400045.210000000400046.', 2, '210000000400045', '4hvbnxgjdj', NULL, NULL, 'CAT_KMS_KDMAP', 1, NULL, NULL, NULL, '1', '1', NULL, NULL, NULL);
INSERT INTO SYS_TREE (TREE_ID_, NAME_, PATH_, DEPTH_, PARENT_ID_, KEY_, CODE_, DESCP_, CAT_KEY_, SN_, DATA_SHOW_TYPE_, CHILDS_, USER_ID_, TENANT_ID_, CREATE_BY_, CREATE_TIME_, UPDATE_BY_, UPDATE_TIME_) VALUES ('210000000493000', '电子产品', '0.210000000493000.', 1, '', 'DZCP', '', '', 'CAT_ASSETS_SORT', 1, 'FLAT', NULL, NULL, '1', '1', NULL, NULL, NULL);
INSERT INTO SYS_TREE (TREE_ID_, NAME_, PATH_, DEPTH_, PARENT_ID_, KEY_, CODE_, DESCP_, CAT_KEY_, SN_, DATA_SHOW_TYPE_, CHILDS_, USER_ID_, TENANT_ID_, CREATE_BY_, CREATE_TIME_, UPDATE_BY_, UPDATE_TIME_) VALUES ('210000000493001', '数码类', '0.210000000493000.210000000493001.', 2, '210000000493000', 'SML', '', '', 'CAT_ASSETS_SORT', 1, 'FLAT', NULL, NULL, '1', '1', NULL, NULL, NULL);
INSERT INTO SYS_TREE (TREE_ID_, NAME_, PATH_, DEPTH_, PARENT_ID_, KEY_, CODE_, DESCP_, CAT_KEY_, SN_, DATA_SHOW_TYPE_, CHILDS_, USER_ID_, TENANT_ID_, CREATE_BY_, CREATE_TIME_, UPDATE_BY_, UPDATE_TIME_) VALUES ('210000000493002', '家具类', '0.210000000493000.210000000493002.', 2, '210000000493000', 'JJL', '', '', 'CAT_ASSETS_SORT', 1, 'FLAT', NULL, NULL, '1', '1', NULL, NULL, NULL);
INSERT INTO SYS_TREE (TREE_ID_, NAME_, PATH_, DEPTH_, PARENT_ID_, KEY_, CODE_, DESCP_, CAT_KEY_, SN_, DATA_SHOW_TYPE_, CHILDS_, USER_ID_, TENANT_ID_, CREATE_BY_, CREATE_TIME_, UPDATE_BY_, UPDATE_TIME_) VALUES ('210000000731015', '学校项目', '0.210000000731015.', 1, '', '0088', '005', '', 'CAT_PRO', 1, 'FLAT', NULL, NULL, '1', '1', NULL, NULL, NULL);
INSERT INTO SYS_TREE (TREE_ID_, NAME_, PATH_, DEPTH_, PARENT_ID_, KEY_, CODE_, DESCP_, CAT_KEY_, SN_, DATA_SHOW_TYPE_, CHILDS_, USER_ID_, TENANT_ID_, CREATE_BY_, CREATE_TIME_, UPDATE_BY_, UPDATE_TIME_) VALUES ('210000001715000', '电子类', '0.210000000493000.210000001715000.', 2, '210000000493000', 'DZL', '', '', 'CAT_ASSETS_SORT', 1, 'FLAT', NULL, NULL, '1', '1', NULL, NULL, NULL);
INSERT INTO SYS_TREE (TREE_ID_, NAME_, PATH_, DEPTH_, PARENT_ID_, KEY_, CODE_, DESCP_, CAT_KEY_, SN_, DATA_SHOW_TYPE_, CHILDS_, USER_ID_, TENANT_ID_, CREATE_BY_, CREATE_TIME_, UPDATE_BY_, UPDATE_TIME_) VALUES ('210000001719000', '12312', '0.210000001719000.', 1, '', '1231223123', '', '', 'CAT_RED_PRINTING', 1, 'FLAT', NULL, NULL, '210000001718000', '210000001718001', NULL, NULL, NULL);
INSERT INTO SYS_TREE (TREE_ID_, NAME_, PATH_, DEPTH_, PARENT_ID_, KEY_, CODE_, DESCP_, CAT_KEY_, SN_, DATA_SHOW_TYPE_, CHILDS_, USER_ID_, TENANT_ID_, CREATE_BY_, CREATE_TIME_, UPDATE_BY_, UPDATE_TIME_) VALUES ('210000002117116', '考勤申请', '0.1.210000002117116.', 2, '1', 'KQSQ', 'KQSQ', '考勤申请', 'CAT_DIM', 1, 'FLAT', NULL, NULL, '1', '1', NULL, NULL, NULL);
INSERT INTO SYS_TREE (TREE_ID_, NAME_, PATH_, DEPTH_, PARENT_ID_, KEY_, CODE_, DESCP_, CAT_KEY_, SN_, DATA_SHOW_TYPE_, CHILDS_, USER_ID_, TENANT_ID_, CREATE_BY_, CREATE_TIME_, UPDATE_BY_, UPDATE_TIME_) VALUES ('210000002117117', '申请类别', '0.1.210000002117116.210000002117117.', 3, '210000002117116', 'SQLB', 'SQLB', '申请类别', 'CAT_DIM', 1, 'FLAT', NULL, NULL, '1', '1', NULL, NULL, NULL);
INSERT INTO SYS_TREE (TREE_ID_, NAME_, PATH_, DEPTH_, PARENT_ID_, KEY_, CODE_, DESCP_, CAT_KEY_, SN_, DATA_SHOW_TYPE_, CHILDS_, USER_ID_, TENANT_ID_, CREATE_BY_, CREATE_TIME_, UPDATE_BY_, UPDATE_TIME_) VALUES ('210000002117118', '请假类别', '0.1.210000002117116.210000002117117.210000002117118.', 4, '210000002117117', 'QJLB', 'QJLB', '请假类别', 'CAT_DIM', 1, 'FLAT', NULL, NULL, '1', '1', NULL, NULL, NULL);
INSERT INTO SYS_TREE (TREE_ID_, NAME_, PATH_, DEPTH_, PARENT_ID_, KEY_, CODE_, DESCP_, CAT_KEY_, SN_, DATA_SHOW_TYPE_, CHILDS_, USER_ID_, TENANT_ID_, CREATE_BY_, CREATE_TIME_, UPDATE_BY_, UPDATE_TIME_) VALUES ('210000002268015', '加班类别', '0.1.210000002117116.210000002117117.210000002268015.', 4, '210000002117117', 'JBLB', 'JBLB', '加班类别', 'CAT_DIM', 1, 'FLAT', NULL, NULL, '1', '1', NULL, NULL, NULL);
INSERT INTO SYS_TREE (TREE_ID_, NAME_, PATH_, DEPTH_, PARENT_ID_, KEY_, CODE_, DESCP_, CAT_KEY_, SN_, DATA_SHOW_TYPE_, CHILDS_, USER_ID_, TENANT_ID_, CREATE_BY_, CREATE_TIME_, UPDATE_BY_, UPDATE_TIME_) VALUES ('210000002268189', '调休类别', '0.1.210000002117116.210000002117117.210000002268189.', 4, '210000002117117', 'DXLB', 'DXLB', '调休类别', 'CAT_DIM', 1, 'FLAT', NULL, NULL, '1', '1', NULL, NULL, NULL);
INSERT INTO SYS_TREE (TREE_ID_, NAME_, PATH_, DEPTH_, PARENT_ID_, KEY_, CODE_, DESCP_, CAT_KEY_, SN_, DATA_SHOW_TYPE_, CHILDS_, USER_ID_, TENANT_ID_, CREATE_BY_, CREATE_TIME_, UPDATE_BY_, UPDATE_TIME_) VALUES ('210000002296000', '加班结算方式类别', '0.1.210000002117116.210000002117117.210000002296000.', 4, '210000002117117', 'JBJSFSLB', 'JBJSFSLB', '加班结算方式类别', 'CAT_DIM', 1, 'FLAT', NULL, NULL, '1', '1', NULL, NULL, NULL);
INSERT INTO SYS_TREE (TREE_ID_, NAME_, PATH_, DEPTH_, PARENT_ID_, KEY_, CODE_, DESCP_, CAT_KEY_, SN_, DATA_SHOW_TYPE_, CHILDS_, USER_ID_, TENANT_ID_, CREATE_BY_, CREATE_TIME_, UPDATE_BY_, UPDATE_TIME_) VALUES ('240000000001820', '行政管理', '0.240000000001820.', 1, '', 'XZGL', '', '', 'CAT_FORM_VIEW', 1, 'FLAT', NULL, NULL, '1', '1', NULL, NULL, NULL);
INSERT INTO SYS_TREE (TREE_ID_, NAME_, PATH_, DEPTH_, PARENT_ID_, KEY_, CODE_, DESCP_, CAT_KEY_, SN_, DATA_SHOW_TYPE_, CHILDS_, USER_ID_, TENANT_ID_, CREATE_BY_, CREATE_TIME_, UPDATE_BY_, UPDATE_TIME_) VALUES ('240000000001821', '日常管理', '0.240000000001820.240000000001821.', 2, '240000000001820', 'RCGL', '', '', 'CAT_FORM_VIEW', 1, 'FLAT', NULL, NULL, '1', '1', NULL, NULL, NULL);
INSERT INTO SYS_TREE (TREE_ID_, NAME_, PATH_, DEPTH_, PARENT_ID_, KEY_, CODE_, DESCP_, CAT_KEY_, SN_, DATA_SHOW_TYPE_, CHILDS_, USER_ID_, TENANT_ID_, CREATE_BY_, CREATE_TIME_, UPDATE_BY_, UPDATE_TIME_) VALUES ('240000000004434', '岗位调整申请', '0.240000000001820.240000000004434.', 2, '240000000001820', 'GWDZSQ', '', '', 'CAT_FORM_VIEW', 1, 'FLAT', NULL, NULL, '1', '1', NULL, NULL, NULL);
INSERT INTO SYS_TREE (TREE_ID_, NAME_, PATH_, DEPTH_, PARENT_ID_, KEY_, CODE_, DESCP_, CAT_KEY_, SN_, DATA_SHOW_TYPE_, CHILDS_, USER_ID_, TENANT_ID_, CREATE_BY_, CREATE_TIME_, UPDATE_BY_, UPDATE_TIME_) VALUES ('240000000004437', '岗位申请调整', '0.20000000020004.240000000004437.', 2, '20000000020004', 'GWSQDZ', '', '', 'CAT_BPM_SOLUTION', 1, 'FLAT', NULL, NULL, '1', '1', NULL, NULL, NULL);
INSERT INTO SYS_TREE (TREE_ID_, NAME_, PATH_, DEPTH_, PARENT_ID_, KEY_, CODE_, DESCP_, CAT_KEY_, SN_, DATA_SHOW_TYPE_, CHILDS_, USER_ID_, TENANT_ID_, CREATE_BY_, CREATE_TIME_, UPDATE_BY_, UPDATE_TIME_) VALUES ('240000000004439', '岗位调整申请', '0.20000000022001.240000000004439.', 2, '20000000022001', 'GWDZSQ', '', '', 'CAT_BPM_DEF', 1, 'FLAT', NULL, NULL, '1', '1', NULL, NULL, NULL);
INSERT INTO SYS_TREE (TREE_ID_, NAME_, PATH_, DEPTH_, PARENT_ID_, KEY_, CODE_, DESCP_, CAT_KEY_, SN_, DATA_SHOW_TYPE_, CHILDS_, USER_ID_, TENANT_ID_, CREATE_BY_, CREATE_TIME_, UPDATE_BY_, UPDATE_TIME_) VALUES ('240000000004465', '采购申请', '0.240000000001820.240000000004465.', 2, '240000000001820', 'CGSQ', '', '', 'CAT_FORM_VIEW', 1, 'FLAT', NULL, NULL, '1', '1', NULL, NULL, NULL);
INSERT INTO SYS_TREE (TREE_ID_, NAME_, PATH_, DEPTH_, PARENT_ID_, KEY_, CODE_, DESCP_, CAT_KEY_, SN_, DATA_SHOW_TYPE_, CHILDS_, USER_ID_, TENANT_ID_, CREATE_BY_, CREATE_TIME_, UPDATE_BY_, UPDATE_TIME_) VALUES ('240000000004483', '加班申请', '0.240000000001820.240000000004483.', 2, '240000000001820', 'JBSQ', '', '', 'CAT_FORM_VIEW', 1, 'FLAT', NULL, NULL, '1', '1', NULL, NULL, NULL);
INSERT INTO SYS_TREE (TREE_ID_, NAME_, PATH_, DEPTH_, PARENT_ID_, KEY_, CODE_, DESCP_, CAT_KEY_, SN_, DATA_SHOW_TYPE_, CHILDS_, USER_ID_, TENANT_ID_, CREATE_BY_, CREATE_TIME_, UPDATE_BY_, UPDATE_TIME_) VALUES ('240000000004486', '加班申请', '0.20000000020004.240000000004486.', 2, '20000000020004', 'JBSQ', '', '', 'CAT_BPM_SOLUTION', 1, 'FLAT', NULL, NULL, '1', '1', NULL, NULL, NULL);
INSERT INTO SYS_TREE (TREE_ID_, NAME_, PATH_, DEPTH_, PARENT_ID_, KEY_, CODE_, DESCP_, CAT_KEY_, SN_, DATA_SHOW_TYPE_, CHILDS_, USER_ID_, TENANT_ID_, CREATE_BY_, CREATE_TIME_, UPDATE_BY_, UPDATE_TIME_) VALUES ('240000000004488', '加班申请流程', '0.20000000022001.240000000004488.', 2, '20000000022001', 'JBSQLC', '', '', 'CAT_BPM_DEF', 1, 'FLAT', NULL, NULL, '1', '1', NULL, NULL, NULL);
INSERT INTO SYS_TREE (TREE_ID_, NAME_, PATH_, DEPTH_, PARENT_ID_, KEY_, CODE_, DESCP_, CAT_KEY_, SN_, DATA_SHOW_TYPE_, CHILDS_, USER_ID_, TENANT_ID_, CREATE_BY_, CREATE_TIME_, UPDATE_BY_, UPDATE_TIME_) VALUES ('240000000004509', '增员申请', '0.240000000001820.240000000004509.', 2, '240000000001820', 'ZYSQ', '', '', 'CAT_FORM_VIEW', 1, 'FLAT', NULL, NULL, '1', '1', NULL, NULL, NULL);
INSERT INTO SYS_TREE (TREE_ID_, NAME_, PATH_, DEPTH_, PARENT_ID_, KEY_, CODE_, DESCP_, CAT_KEY_, SN_, DATA_SHOW_TYPE_, CHILDS_, USER_ID_, TENANT_ID_, CREATE_BY_, CREATE_TIME_, UPDATE_BY_, UPDATE_TIME_) VALUES ('240000000004528', '增员申请', '0.20000000020004.240000000004528.', 2, '20000000020004', 'ZYSQ', '', '', 'CAT_BPM_SOLUTION', 1, 'FLAT', NULL, NULL, '1', '1', NULL, NULL, NULL);
INSERT INTO SYS_TREE (TREE_ID_, NAME_, PATH_, DEPTH_, PARENT_ID_, KEY_, CODE_, DESCP_, CAT_KEY_, SN_, DATA_SHOW_TYPE_, CHILDS_, USER_ID_, TENANT_ID_, CREATE_BY_, CREATE_TIME_, UPDATE_BY_, UPDATE_TIME_) VALUES ('240000000004529', '增员申请', '0.20000000022001.240000000004529.', 2, '20000000022001', 'ZYASQ', '', '', 'CAT_BPM_DEF', 1, 'FLAT', NULL, NULL, '1', '1', NULL, NULL, NULL);
INSERT INTO SYS_TREE (TREE_ID_, NAME_, PATH_, DEPTH_, PARENT_ID_, KEY_, CODE_, DESCP_, CAT_KEY_, SN_, DATA_SHOW_TYPE_, CHILDS_, USER_ID_, TENANT_ID_, CREATE_BY_, CREATE_TIME_, UPDATE_BY_, UPDATE_TIME_) VALUES ('240000000005058', '差旅费用报销单', '0.240000000001820.240000000005058.', 2, '240000000001820', 'CLFY', '789454', '', 'CAT_FORM_VIEW', 1, 'FLAT', NULL, NULL, '1', '1', NULL, NULL, NULL);
INSERT INTO SYS_TREE (TREE_ID_, NAME_, PATH_, DEPTH_, PARENT_ID_, KEY_, CODE_, DESCP_, CAT_KEY_, SN_, DATA_SHOW_TYPE_, CHILDS_, USER_ID_, TENANT_ID_, CREATE_BY_, CREATE_TIME_, UPDATE_BY_, UPDATE_TIME_) VALUES ('240000000005086', '差旅费用报销单', '0.20000000022001.240000000005086.', 2, '20000000022001', 'CL', '', '', 'CAT_BPM_DEF', 1, 'FLAT', NULL, NULL, '1', '1', NULL, NULL, NULL);
INSERT INTO SYS_TREE (TREE_ID_, NAME_, PATH_, DEPTH_, PARENT_ID_, KEY_, CODE_, DESCP_, CAT_KEY_, SN_, DATA_SHOW_TYPE_, CHILDS_, USER_ID_, TENANT_ID_, CREATE_BY_, CREATE_TIME_, UPDATE_BY_, UPDATE_TIME_) VALUES ('240000000005106', '差旅费用报销单', '0.20000000020004.240000000005106.', 2, '20000000020004', 'CLFYBXD', '00564', '', 'CAT_BPM_SOLUTION', 1, 'FLAT', NULL, NULL, '1', '1', NULL, NULL, NULL);
INSERT INTO SYS_TREE (TREE_ID_, NAME_, PATH_, DEPTH_, PARENT_ID_, KEY_, CODE_, DESCP_, CAT_KEY_, SN_, DATA_SHOW_TYPE_, CHILDS_, USER_ID_, TENANT_ID_, CREATE_BY_, CREATE_TIME_, UPDATE_BY_, UPDATE_TIME_) VALUES ('240000000006928', '借款申请', '0.240000000001820.240000000006928.', 2, '240000000001820', 'JKSQ', '', '', 'CAT_FORM_VIEW', 1, 'FLAT', NULL, NULL, '1', '1', NULL, NULL, NULL);
INSERT INTO SYS_TREE (TREE_ID_, NAME_, PATH_, DEPTH_, PARENT_ID_, KEY_, CODE_, DESCP_, CAT_KEY_, SN_, DATA_SHOW_TYPE_, CHILDS_, USER_ID_, TENANT_ID_, CREATE_BY_, CREATE_TIME_, UPDATE_BY_, UPDATE_TIME_) VALUES ('240000000006956', '名片印刷申请', '0.240000000001820.240000000006956.', 2, '240000000001820', 'MPYSSQ', '064654', '', 'CAT_FORM_VIEW', 1, 'FLAT', NULL, NULL, '1', '1', NULL, NULL, NULL);
INSERT INTO SYS_TREE (TREE_ID_, NAME_, PATH_, DEPTH_, PARENT_ID_, KEY_, CODE_, DESCP_, CAT_KEY_, SN_, DATA_SHOW_TYPE_, CHILDS_, USER_ID_, TENANT_ID_, CREATE_BY_, CREATE_TIME_, UPDATE_BY_, UPDATE_TIME_) VALUES ('240000000007013', '借款申请', '0.20000000022001.240000000007013.', 2, '20000000022001', 'JKSQ', '', '', 'CAT_BPM_DEF', 1, 'FLAT', NULL, NULL, '1', '1', NULL, NULL, NULL);
INSERT INTO SYS_TREE (TREE_ID_, NAME_, PATH_, DEPTH_, PARENT_ID_, KEY_, CODE_, DESCP_, CAT_KEY_, SN_, DATA_SHOW_TYPE_, CHILDS_, USER_ID_, TENANT_ID_, CREATE_BY_, CREATE_TIME_, UPDATE_BY_, UPDATE_TIME_) VALUES ('240000000007020', '名片印刷申请', '0.20000000022001.240000000007020.', 2, '20000000022001', 'MPYSSQ', '12310', '', 'CAT_BPM_DEF', 1, 'FLAT', NULL, NULL, '1', '1', NULL, NULL, NULL);
INSERT INTO SYS_TREE (TREE_ID_, NAME_, PATH_, DEPTH_, PARENT_ID_, KEY_, CODE_, DESCP_, CAT_KEY_, SN_, DATA_SHOW_TYPE_, CHILDS_, USER_ID_, TENANT_ID_, CREATE_BY_, CREATE_TIME_, UPDATE_BY_, UPDATE_TIME_) VALUES ('240000000007043', '名片印刷申请', '0.20000000020004.240000000007043.', 2, '20000000020004', 'MPYSSQ', '132123', '', 'CAT_BPM_SOLUTION', 1, 'FLAT', NULL, NULL, '1', '1', NULL, NULL, NULL);
INSERT INTO SYS_TREE (TREE_ID_, NAME_, PATH_, DEPTH_, PARENT_ID_, KEY_, CODE_, DESCP_, CAT_KEY_, SN_, DATA_SHOW_TYPE_, CHILDS_, USER_ID_, TENANT_ID_, CREATE_BY_, CREATE_TIME_, UPDATE_BY_, UPDATE_TIME_) VALUES ('240000000007567', '办公资产申请表', '0.240000000001820.240000000007567.', 2, '240000000001820', 'BGZCSQB', '7894', '', 'CAT_FORM_VIEW', 1, 'FLAT', NULL, NULL, '1', '1', NULL, NULL, NULL);
INSERT INTO SYS_TREE (TREE_ID_, NAME_, PATH_, DEPTH_, PARENT_ID_, KEY_, CODE_, DESCP_, CAT_KEY_, SN_, DATA_SHOW_TYPE_, CHILDS_, USER_ID_, TENANT_ID_, CREATE_BY_, CREATE_TIME_, UPDATE_BY_, UPDATE_TIME_) VALUES ('240000000019001', '办公资产申请表', '0.20000000022001.240000000019001.', 2, '20000000022001', 'BGZCSQB', '45644', '', 'CAT_BPM_DEF', 1, 'FLAT', NULL, NULL, '1', '1', NULL, NULL, NULL);
INSERT INTO SYS_TREE (TREE_ID_, NAME_, PATH_, DEPTH_, PARENT_ID_, KEY_, CODE_, DESCP_, CAT_KEY_, SN_, DATA_SHOW_TYPE_, CHILDS_, USER_ID_, TENANT_ID_, CREATE_BY_, CREATE_TIME_, UPDATE_BY_, UPDATE_TIME_) VALUES ('240000000019048', '办公资产申请', '0.20000000020004.240000000019048.', 2, '20000000020004', 'BGZCSQ', '564545', '', 'CAT_BPM_SOLUTION', 1, 'FLAT', NULL, NULL, '1', '1', NULL, NULL, NULL);
INSERT INTO SYS_TREE (TREE_ID_, NAME_, PATH_, DEPTH_, PARENT_ID_, KEY_, CODE_, DESCP_, CAT_KEY_, SN_, DATA_SHOW_TYPE_, CHILDS_, USER_ID_, TENANT_ID_, CREATE_BY_, CREATE_TIME_, UPDATE_BY_, UPDATE_TIME_) VALUES ('240000000019077', '员工调薪申请', '0.240000000001820.240000000019077.', 2, '240000000001820', 'YGDXSQ', '456454', '', 'CAT_FORM_VIEW', 1, 'FLAT', NULL, NULL, '1', '1', NULL, NULL, NULL);
INSERT INTO SYS_TREE (TREE_ID_, NAME_, PATH_, DEPTH_, PARENT_ID_, KEY_, CODE_, DESCP_, CAT_KEY_, SN_, DATA_SHOW_TYPE_, CHILDS_, USER_ID_, TENANT_ID_, CREATE_BY_, CREATE_TIME_, UPDATE_BY_, UPDATE_TIME_) VALUES ('240000000019084', '员工调薪申请', '0.20000000022001.240000000019084.', 2, '20000000022001', 'YGDXSQ', '545654', '', 'CAT_BPM_DEF', 1, 'FLAT', NULL, NULL, '1', '1', NULL, NULL, NULL);
INSERT INTO SYS_TREE (TREE_ID_, NAME_, PATH_, DEPTH_, PARENT_ID_, KEY_, CODE_, DESCP_, CAT_KEY_, SN_, DATA_SHOW_TYPE_, CHILDS_, USER_ID_, TENANT_ID_, CREATE_BY_, CREATE_TIME_, UPDATE_BY_, UPDATE_TIME_) VALUES ('240000000019103', '员工调薪申请', '0.20000000020004.240000000019103.', 2, '20000000020004', 'YGDXSQ', '4564551', '', 'CAT_BPM_SOLUTION', 1, 'FLAT', NULL, NULL, '1', '1', NULL, NULL, NULL);
INSERT INTO SYS_TREE (TREE_ID_, NAME_, PATH_, DEPTH_, PARENT_ID_, KEY_, CODE_, DESCP_, CAT_KEY_, SN_, DATA_SHOW_TYPE_, CHILDS_, USER_ID_, TENANT_ID_, CREATE_BY_, CREATE_TIME_, UPDATE_BY_, UPDATE_TIME_) VALUES ('240000000019146', '付款申请', '0.240000000001820.240000000019146.', 2, '240000000001820', 'FKSQ', '4565454', '', 'CAT_FORM_VIEW', 1, 'FLAT', NULL, NULL, '1', '1', NULL, NULL, NULL);
INSERT INTO SYS_TREE (TREE_ID_, NAME_, PATH_, DEPTH_, PARENT_ID_, KEY_, CODE_, DESCP_, CAT_KEY_, SN_, DATA_SHOW_TYPE_, CHILDS_, USER_ID_, TENANT_ID_, CREATE_BY_, CREATE_TIME_, UPDATE_BY_, UPDATE_TIME_) VALUES ('240000000019339', '付款申请', '0.20000000022001.240000000019339.', 2, '20000000022001', 'FKSQ', '564564', '', 'CAT_BPM_DEF', 1, 'FLAT', NULL, NULL, '1', '1', NULL, NULL, NULL);
INSERT INTO SYS_TREE (TREE_ID_, NAME_, PATH_, DEPTH_, PARENT_ID_, KEY_, CODE_, DESCP_, CAT_KEY_, SN_, DATA_SHOW_TYPE_, CHILDS_, USER_ID_, TENANT_ID_, CREATE_BY_, CREATE_TIME_, UPDATE_BY_, UPDATE_TIME_) VALUES ('240000000019656', '付款申请单', '0.20000000020004.240000000019656.', 2, '20000000020004', 'FKSQD', '455654', '', 'CAT_BPM_SOLUTION', 1, 'FLAT', NULL, NULL, '1', '1', NULL, NULL, NULL);
INSERT INTO SYS_TREE (TREE_ID_, NAME_, PATH_, DEPTH_, PARENT_ID_, KEY_, CODE_, DESCP_, CAT_KEY_, SN_, DATA_SHOW_TYPE_, CHILDS_, USER_ID_, TENANT_ID_, CREATE_BY_, CREATE_TIME_, UPDATE_BY_, UPDATE_TIME_) VALUES ('240000000019666', '费用报销申请单', '0.240000000001820.240000000019666.', 2, '240000000001820', 'FYSQBX', '789456', '', 'CAT_FORM_VIEW', 1, 'FLAT', NULL, NULL, '1', '1', NULL, NULL, NULL);
INSERT INTO SYS_TREE (TREE_ID_, NAME_, PATH_, DEPTH_, PARENT_ID_, KEY_, CODE_, DESCP_, CAT_KEY_, SN_, DATA_SHOW_TYPE_, CHILDS_, USER_ID_, TENANT_ID_, CREATE_BY_, CREATE_TIME_, UPDATE_BY_, UPDATE_TIME_) VALUES ('240000000019678', '费用报销申请单', '0.20000000022001.240000000019678.', 2, '20000000022001', 'FYBXSQD', '7987465', '', 'CAT_BPM_DEF', 1, 'FLAT', NULL, NULL, '1', '1', NULL, NULL, NULL);
INSERT INTO SYS_TREE (TREE_ID_, NAME_, PATH_, DEPTH_, PARENT_ID_, KEY_, CODE_, DESCP_, CAT_KEY_, SN_, DATA_SHOW_TYPE_, CHILDS_, USER_ID_, TENANT_ID_, CREATE_BY_, CREATE_TIME_, UPDATE_BY_, UPDATE_TIME_) VALUES ('240000000019713', '费用报销单', '0.20000000020004.240000000019713.', 2, '20000000020004', 'FYBXD', '7489489', '', 'CAT_BPM_SOLUTION', 1, 'FLAT', NULL, NULL, '1', '1', NULL, NULL, NULL);
INSERT INTO SYS_TREE (TREE_ID_, NAME_, PATH_, DEPTH_, PARENT_ID_, KEY_, CODE_, DESCP_, CAT_KEY_, SN_, DATA_SHOW_TYPE_, CHILDS_, USER_ID_, TENANT_ID_, CREATE_BY_, CREATE_TIME_, UPDATE_BY_, UPDATE_TIME_) VALUES ('240000000019762', '借款申请', '0.20000000020004.240000000019762.', 2, '20000000020004', 'JKSQ', '7894546', '', 'CAT_BPM_SOLUTION', 1, 'FLAT', NULL, NULL, '1', '1', NULL, NULL, NULL);
INSERT INTO SYS_TREE (TREE_ID_, NAME_, PATH_, DEPTH_, PARENT_ID_, KEY_, CODE_, DESCP_, CAT_KEY_, SN_, DATA_SHOW_TYPE_, CHILDS_, USER_ID_, TENANT_ID_, CREATE_BY_, CREATE_TIME_, UPDATE_BY_, UPDATE_TIME_) VALUES ('240000000024035', '离职申请', '0.240000000001820.240000000024035.', 2, '240000000001820', 'LZSQ', '1234', '', 'CAT_FORM_VIEW', 1, 'FLAT', NULL, NULL, '1', '1', NULL, NULL, NULL);
INSERT INTO SYS_TREE (TREE_ID_, NAME_, PATH_, DEPTH_, PARENT_ID_, KEY_, CODE_, DESCP_, CAT_KEY_, SN_, DATA_SHOW_TYPE_, CHILDS_, USER_ID_, TENANT_ID_, CREATE_BY_, CREATE_TIME_, UPDATE_BY_, UPDATE_TIME_) VALUES ('240000000024038', '离职申请', '0.20000000022001.240000000024038.', 2, '20000000022001', 'LZSQ', '4615', '', 'CAT_BPM_DEF', 1, 'FLAT', NULL, NULL, '1', '1', NULL, NULL, NULL);
INSERT INTO SYS_TREE (TREE_ID_, NAME_, PATH_, DEPTH_, PARENT_ID_, KEY_, CODE_, DESCP_, CAT_KEY_, SN_, DATA_SHOW_TYPE_, CHILDS_, USER_ID_, TENANT_ID_, CREATE_BY_, CREATE_TIME_, UPDATE_BY_, UPDATE_TIME_) VALUES ('240000000024048', '离职申请', '0.20000000020004.240000000024048.', 2, '20000000020004', 'LZSQ', '46541', '', 'CAT_BPM_SOLUTION', 1, 'FLAT', NULL, NULL, '1', '1', NULL, NULL, NULL);
INSERT INTO SYS_TREE (TREE_ID_, NAME_, PATH_, DEPTH_, PARENT_ID_, KEY_, CODE_, DESCP_, CAT_KEY_, SN_, DATA_SHOW_TYPE_, CHILDS_, USER_ID_, TENANT_ID_, CREATE_BY_, CREATE_TIME_, UPDATE_BY_, UPDATE_TIME_) VALUES ('240000000024981', '入职通知', '0.240000000001820.240000000024981.', 2, '240000000001820', 'RZSQ', '12232', '', 'CAT_FORM_VIEW', 1, 'FLAT', NULL, NULL, '1', '1', NULL, NULL, NULL);
INSERT INTO SYS_TREE (TREE_ID_, NAME_, PATH_, DEPTH_, PARENT_ID_, KEY_, CODE_, DESCP_, CAT_KEY_, SN_, DATA_SHOW_TYPE_, CHILDS_, USER_ID_, TENANT_ID_, CREATE_BY_, CREATE_TIME_, UPDATE_BY_, UPDATE_TIME_) VALUES ('240000000025075', '入职通知', '0.20000000022001.240000000025075.', 2, '20000000022001', 'RZTZ', '4561', '', 'CAT_BPM_DEF', 1, 'FLAT', NULL, NULL, '1', '1', NULL, NULL, NULL);
INSERT INTO SYS_TREE (TREE_ID_, NAME_, PATH_, DEPTH_, PARENT_ID_, KEY_, CODE_, DESCP_, CAT_KEY_, SN_, DATA_SHOW_TYPE_, CHILDS_, USER_ID_, TENANT_ID_, CREATE_BY_, CREATE_TIME_, UPDATE_BY_, UPDATE_TIME_) VALUES ('240000000025085', '入职通知', '0.20000000020004.240000000025085.', 2, '20000000020004', 'RZTZ', '8784', '', 'CAT_BPM_SOLUTION', 1, 'FLAT', NULL, NULL, '1', '1', NULL, NULL, NULL);
INSERT INTO SYS_TREE (TREE_ID_, NAME_, PATH_, DEPTH_, PARENT_ID_, KEY_, CODE_, DESCP_, CAT_KEY_, SN_, DATA_SHOW_TYPE_, CHILDS_, USER_ID_, TENANT_ID_, CREATE_BY_, CREATE_TIME_, UPDATE_BY_, UPDATE_TIME_) VALUES ('240000000025865', '测试可编辑隐藏框', '0.240000000001820.240000000025865.', 2, '240000000001820', 'CSKBJYZK', '', '', 'CAT_FORM_VIEW', 1, 'FLAT', NULL, NULL, '1', '1', NULL, NULL, NULL);
INSERT INTO SYS_TREE (TREE_ID_, NAME_, PATH_, DEPTH_, PARENT_ID_, KEY_, CODE_, DESCP_, CAT_KEY_, SN_, DATA_SHOW_TYPE_, CHILDS_, USER_ID_, TENANT_ID_, CREATE_BY_, CREATE_TIME_, UPDATE_BY_, UPDATE_TIME_) VALUES ('240000000062018', '任务派遣', '0.20000000020004.240000000062018.', 2, '20000000020004', 'RWPQ', '', '', 'CAT_BPM_SOLUTION', 1, 'FLAT', NULL, NULL, '1', '1', NULL, NULL, NULL);
INSERT INTO SYS_TREE (TREE_ID_, NAME_, PATH_, DEPTH_, PARENT_ID_, KEY_, CODE_, DESCP_, CAT_KEY_, SN_, DATA_SHOW_TYPE_, CHILDS_, USER_ID_, TENANT_ID_, CREATE_BY_, CREATE_TIME_, UPDATE_BY_, UPDATE_TIME_) VALUES ('240000000062530', '任务派遣表单数据自动转移', '0.240000000001820.240000000062530.', 2, '240000000001820', 'RWPQBDSJZDZY', '', '', 'CAT_FORM_VIEW', 1, 'FLAT', NULL, NULL, '1', '1', NULL, NULL, NULL);
INSERT INTO SYS_TREE (TREE_ID_, NAME_, PATH_, DEPTH_, PARENT_ID_, KEY_, CODE_, DESCP_, CAT_KEY_, SN_, DATA_SHOW_TYPE_, CHILDS_, USER_ID_, TENANT_ID_, CREATE_BY_, CREATE_TIME_, UPDATE_BY_, UPDATE_TIME_) VALUES ('240000000102060', '采购申请', '0.20000000022001.240000000102060.', 2, '20000000022001', 'CGSQ', '12314', '', 'CAT_BPM_DEF', 1, 'FLAT', NULL, NULL, '1', '1', NULL, NULL, NULL);
INSERT INTO SYS_TREE (TREE_ID_, NAME_, PATH_, DEPTH_, PARENT_ID_, KEY_, CODE_, DESCP_, CAT_KEY_, SN_, DATA_SHOW_TYPE_, CHILDS_, USER_ID_, TENANT_ID_, CREATE_BY_, CREATE_TIME_, UPDATE_BY_, UPDATE_TIME_) VALUES ('240000000102275', '采购申请', '0.20000000020004.240000000102275.', 2, '20000000020004', 'CGSQ', '21345', '', 'CAT_BPM_SOLUTION', 1, 'FLAT', NULL, NULL, '1', '1', NULL, NULL, NULL);
INSERT INTO SYS_TREE (TREE_ID_, NAME_, PATH_, DEPTH_, PARENT_ID_, KEY_, CODE_, DESCP_, CAT_KEY_, SN_, DATA_SHOW_TYPE_, CHILDS_, USER_ID_, TENANT_ID_, CREATE_BY_, CREATE_TIME_, UPDATE_BY_, UPDATE_TIME_) VALUES ('240000000103362', '项目派遣', '0.20000000022001.240000000103362.', 2, '20000000022001', 'RWPQ', '', '', 'CAT_BPM_DEF', 1, 'FLAT', NULL, NULL, '1', '1', NULL, NULL, NULL);
INSERT INTO SYS_TREE (TREE_ID_, NAME_, PATH_, DEPTH_, PARENT_ID_, KEY_, CODE_, DESCP_, CAT_KEY_, SN_, DATA_SHOW_TYPE_, CHILDS_, USER_ID_, TENANT_ID_, CREATE_BY_, CREATE_TIME_, UPDATE_BY_, UPDATE_TIME_) VALUES ('240000000103606', '人员派遣', '0.240000000001820.240000000103606.', 2, '240000000001820', 'RYPQ', '', '', 'CAT_FORM_VIEW', 1, 'FLAT', NULL, NULL, '1', '1', NULL, NULL, NULL);
INSERT INTO SYS_TREE (TREE_ID_, NAME_, PATH_, DEPTH_, PARENT_ID_, KEY_, CODE_, DESCP_, CAT_KEY_, SN_, DATA_SHOW_TYPE_, CHILDS_, USER_ID_, TENANT_ID_, CREATE_BY_, CREATE_TIME_, UPDATE_BY_, UPDATE_TIME_) VALUES ('240000000115886', '请假流程', '0.20000000022001.240000000115886.', 2, '20000000022001', 'QJLC', '', '', 'CAT_BPM_DEF', 1, 'FLAT', NULL, NULL, '1', '1', NULL, NULL, NULL);
INSERT INTO SYS_TREE (TREE_ID_, NAME_, PATH_, DEPTH_, PARENT_ID_, KEY_, CODE_, DESCP_, CAT_KEY_, SN_, DATA_SHOW_TYPE_, CHILDS_, USER_ID_, TENANT_ID_, CREATE_BY_, CREATE_TIME_, UPDATE_BY_, UPDATE_TIME_) VALUES ('240000000116435', '请假申请', '0.20000000020004.240000000116435.', 2, '20000000020004', 'QJSQ', '4561', '', 'CAT_BPM_SOLUTION', 1, 'FLAT', NULL, NULL, '1', '1', NULL, NULL, NULL);
INSERT INTO SYS_TREE (TREE_ID_, NAME_, PATH_, DEPTH_, PARENT_ID_, KEY_, CODE_, DESCP_, CAT_KEY_, SN_, DATA_SHOW_TYPE_, CHILDS_, USER_ID_, TENANT_ID_, CREATE_BY_, CREATE_TIME_, UPDATE_BY_, UPDATE_TIME_) VALUES ('240000000116447', '请假申请', '0.240000000001820.240000000116447.', 2, '240000000001820', 'QJSQ', '5464546', '', 'CAT_FORM_VIEW', 1, 'FLAT', NULL, NULL, '1', '1', NULL, NULL, NULL);
INSERT INTO SYS_TREE (TREE_ID_, NAME_, PATH_, DEPTH_, PARENT_ID_, KEY_, CODE_, DESCP_, CAT_KEY_, SN_, DATA_SHOW_TYPE_, CHILDS_, USER_ID_, TENANT_ID_, CREATE_BY_, CREATE_TIME_, UPDATE_BY_, UPDATE_TIME_) VALUES ('240000000213167', '财务管理', '0.240000000213167.', 1, '', 'CWGL', '', '', 'CAT_BPM_SOLUTION', 1, 'FLAT', NULL, NULL, '1', '1', NULL, NULL, NULL);
INSERT INTO SYS_TREE (TREE_ID_, NAME_, PATH_, DEPTH_, PARENT_ID_, KEY_, CODE_, DESCP_, CAT_KEY_, SN_, DATA_SHOW_TYPE_, CHILDS_, USER_ID_, TENANT_ID_, CREATE_BY_, CREATE_TIME_, UPDATE_BY_, UPDATE_TIME_) VALUES ('1990000000000001', '合同类', '0.1990000000000001.', 1, '', 'ContactType', NULL, NULL, 'CAT_BPM_DEF', 1, 'FLAT', NULL, NULL, '1', '1', NULL, NULL, NULL);
INSERT INTO SYS_TREE (TREE_ID_, NAME_, PATH_, DEPTH_, PARENT_ID_, KEY_, CODE_, DESCP_, CAT_KEY_, SN_, DATA_SHOW_TYPE_, CHILDS_, USER_ID_, TENANT_ID_, CREATE_BY_, CREATE_TIME_, UPDATE_BY_, UPDATE_TIME_) VALUES ('1990000000000003', '销售类合同', '0.1990000000000001.1990000000000003.', 2, '1990000000000001', 'salesTypeContract', NULL, NULL, 'CAT_BPM_DEF', 1, 'FLAT', NULL, NULL, '1', '1', NULL, NULL, NULL);
INSERT INTO SYS_TREE (TREE_ID_, NAME_, PATH_, DEPTH_, PARENT_ID_, KEY_, CODE_, DESCP_, CAT_KEY_, SN_, DATA_SHOW_TYPE_, CHILDS_, USER_ID_, TENANT_ID_, CREATE_BY_, CREATE_TIME_, UPDATE_BY_, UPDATE_TIME_) VALUES ('1990000000000004', '出差类', '0.20000000022001.1990000000000004.', 2, '20000000022001', 'onBusType', NULL, NULL, 'CAT_BPM_DEF', 1, 'FLAT', NULL, NULL, '1', '1', NULL, NULL, NULL);
INSERT INTO SYS_TREE (TREE_ID_, NAME_, PATH_, DEPTH_, PARENT_ID_, KEY_, CODE_, DESCP_, CAT_KEY_, SN_, DATA_SHOW_TYPE_, CHILDS_, USER_ID_, TENANT_ID_, CREATE_BY_, CREATE_TIME_, UPDATE_BY_, UPDATE_TIME_) VALUES ('1990000000000005', '内部管理', '0.20000000022001.1990000000000005.', 2, '20000000022001', 'innerDepMgr', NULL, NULL, 'CAT_BPM_DEF', 1, 'FLAT', NULL, NULL, '1', '1', NULL, NULL, NULL);
INSERT INTO SYS_TREE (TREE_ID_, NAME_, PATH_, DEPTH_, PARENT_ID_, KEY_, CODE_, DESCP_, CAT_KEY_, SN_, DATA_SHOW_TYPE_, CHILDS_, USER_ID_, TENANT_ID_, CREATE_BY_, CREATE_TIME_, UPDATE_BY_, UPDATE_TIME_) VALUES ('2480000000000001', '默认报表分类', '0.2480000000000001.', 1, '', 'defaultRepType', NULL, NULL, 'CAT_REPORT', 1, 'FLAT', NULL, NULL, '1', '1', NULL, NULL, NULL);
INSERT INTO SYS_TREE (TREE_ID_, NAME_, PATH_, DEPTH_, PARENT_ID_, KEY_, CODE_, DESCP_, CAT_KEY_, SN_, DATA_SHOW_TYPE_, CHILDS_, USER_ID_, TENANT_ID_, CREATE_BY_, CREATE_TIME_, UPDATE_BY_, UPDATE_TIME_) VALUES ('5350000000000002', '套红模板', '0.5350000000000002.', 1, '', '123', '', '', 'CAT_RED_PRINTING', 1, 'FLAT', NULL, NULL, '1', '1', NULL, NULL, NULL);
INSERT INTO SYS_TREE (TREE_ID_, NAME_, PATH_, DEPTH_, PARENT_ID_, KEY_, CODE_, DESCP_, CAT_KEY_, SN_, DATA_SHOW_TYPE_, CHILDS_, USER_ID_, TENANT_ID_, CREATE_BY_, CREATE_TIME_, UPDATE_BY_, UPDATE_TIME_) VALUES ('6290000000000001', '内部发文', '0.6290000000000001.', 1, '', 'NBFW', 'ASD', '', 'CAT_DISPATCH_DOCUMENT', 1, 'FLAT', NULL, NULL, '1', '1', NULL, NULL, NULL);
INSERT INTO SYS_TREE (TREE_ID_, NAME_, PATH_, DEPTH_, PARENT_ID_, KEY_, CODE_, DESCP_, CAT_KEY_, SN_, DATA_SHOW_TYPE_, CHILDS_, USER_ID_, TENANT_ID_, CREATE_BY_, CREATE_TIME_, UPDATE_BY_, UPDATE_TIME_) VALUES ('6620000000000003', '公文', '0.1.2.6620000000000003.', 3, '2', '_GW_', '44sd', '', 'CAT_DIM', 1, 'TREE', NULL, NULL, '1', '1', NULL, NULL, NULL);


-- 11 数字字典

INSERT INTO SYS_DIC (DIC_ID_, TYPE_ID_, KEY_, NAME_, VALUE_, DESCP_, SN_, PATH_, PARENT_ID_, TENANT_ID_, CREATE_BY_, CREATE_TIME_, UPDATE_BY_, UPDATE_TIME_) VALUES ('1', '5', 'onChineseValidation', '中文', 'onChineseValidation', '中文', 3, '0.1.', '0', '1', '1', NULL, '1', NULL);
INSERT INTO SYS_DIC (DIC_ID_, TYPE_ID_, KEY_, NAME_, VALUE_, DESCP_, SN_, PATH_, PARENT_ID_, TENANT_ID_, CREATE_BY_, CREATE_TIME_, UPDATE_BY_, UPDATE_TIME_) VALUES ('2', '5', 'onEmailValidation', '邮箱地址', 'onEmailValidation', '邮箱地址', 1, '0.2.', '0', '1', '1', NULL, '1', NULL);
INSERT INTO SYS_DIC (DIC_ID_, TYPE_ID_, KEY_, NAME_, VALUE_, DESCP_, SN_, PATH_, PARENT_ID_, TENANT_ID_, CREATE_BY_, CREATE_TIME_, UPDATE_BY_, UPDATE_TIME_) VALUES ('3', '5', 'onEnglishValidation', '英文', 'onEnglishValidation', '英文', 6, '0.3.', '0', '1', '1', NULL, '1', NULL);
INSERT INTO SYS_DIC (DIC_ID_, TYPE_ID_, KEY_, NAME_, VALUE_, DESCP_, SN_, PATH_, PARENT_ID_, TENANT_ID_, CREATE_BY_, CREATE_TIME_, UPDATE_BY_, UPDATE_TIME_) VALUES ('5', '5', 'onIntegerValidation', '正负整数', 'onIntegerValidation', '整数', 2, '0.5.', '0', '1', '1', NULL, '1', NULL);
INSERT INTO SYS_DIC (DIC_ID_, TYPE_ID_, KEY_, NAME_, VALUE_, DESCP_, SN_, PATH_, PARENT_ID_, TENANT_ID_, CREATE_BY_, CREATE_TIME_, UPDATE_BY_, UPDATE_TIME_) VALUES ('6', '4', 'mini-buttonedit', '按钮输入框', 'mini-buttonedit', '按钮输入框', 9, '0.6.', '0', '1', '1', NULL, '1', NULL);
INSERT INTO SYS_DIC (DIC_ID_, TYPE_ID_, KEY_, NAME_, VALUE_, DESCP_, SN_, PATH_, PARENT_ID_, TENANT_ID_, CREATE_BY_, CREATE_TIME_, UPDATE_BY_, UPDATE_TIME_) VALUES ('7', '4', 'mini-checkbox', '复选控件', 'mini-checkbox', '复选控件', 5, '0.7.', '0', '1', '1', NULL, '1', NULL);
INSERT INTO SYS_DIC (DIC_ID_, TYPE_ID_, KEY_, NAME_, VALUE_, DESCP_, SN_, PATH_, PARENT_ID_, TENANT_ID_, CREATE_BY_, CREATE_TIME_, UPDATE_BY_, UPDATE_TIME_) VALUES ('8', '4', 'mini-checkboxlist', '复选框组', 'mini-checkboxlist', '复选框组', 6, '0.8.', '0', '1', '1', NULL, '1', NULL);
INSERT INTO SYS_DIC (DIC_ID_, TYPE_ID_, KEY_, NAME_, VALUE_, DESCP_, SN_, PATH_, PARENT_ID_, TENANT_ID_, CREATE_BY_, CREATE_TIME_, UPDATE_BY_, UPDATE_TIME_) VALUES ('9', '4', 'mini-combobox', '下拉选择框', 'mini-combobox', '下拉选择框', 8, '0.9.', '0', '1', '1', NULL, '1', NULL);
INSERT INTO SYS_DIC (DIC_ID_, TYPE_ID_, KEY_, NAME_, VALUE_, DESCP_, SN_, PATH_, PARENT_ID_, TENANT_ID_, CREATE_BY_, CREATE_TIME_, UPDATE_BY_, UPDATE_TIME_) VALUES ('10', '4', 'mini-datepicker', '日期控件', 'mini-datepicker', '日期控件', 4, '0.10.', '0', '1', '1', NULL, '1', NULL);
INSERT INTO SYS_DIC (DIC_ID_, TYPE_ID_, KEY_, NAME_, VALUE_, DESCP_, SN_, PATH_, PARENT_ID_, TENANT_ID_, CREATE_BY_, CREATE_TIME_, UPDATE_BY_, UPDATE_TIME_) VALUES ('11', '4', 'mini-group', '用户组选择框', 'mini-group', '用户组选择框', 12, '0.11.', '0', '1', '1', NULL, '1', NULL);
INSERT INTO SYS_DIC (DIC_ID_, TYPE_ID_, KEY_, NAME_, VALUE_, DESCP_, SN_, PATH_, PARENT_ID_, TENANT_ID_, CREATE_BY_, CREATE_TIME_, UPDATE_BY_, UPDATE_TIME_) VALUES ('12', '4', 'mini-listbox', '列表控件', 'mini-listbox', '列表控件', 7, '0.12.', '0', '1', '1', NULL, '1', NULL);
INSERT INTO SYS_DIC (DIC_ID_, TYPE_ID_, KEY_, NAME_, VALUE_, DESCP_, SN_, PATH_, PARENT_ID_, TENANT_ID_, CREATE_BY_, CREATE_TIME_, UPDATE_BY_, UPDATE_TIME_) VALUES ('13', '4', 'mini-radiobuttonlist', '单选框组', 'mini-radiobuttonlist', '单选框组', 10, '0.13.', '0', '1', '1', NULL, '1', NULL);
INSERT INTO SYS_DIC (DIC_ID_, TYPE_ID_, KEY_, NAME_, VALUE_, DESCP_, SN_, PATH_, PARENT_ID_, TENANT_ID_, CREATE_BY_, CREATE_TIME_, UPDATE_BY_, UPDATE_TIME_) VALUES ('14', '4', 'mini-ueditor', '富文本', 'mini-ueditor', '富文本', 14, '0.14.', '0', '1', '1', NULL, '1', NULL);
INSERT INTO SYS_DIC (DIC_ID_, TYPE_ID_, KEY_, NAME_, VALUE_, DESCP_, SN_, PATH_, PARENT_ID_, TENANT_ID_, CREATE_BY_, CREATE_TIME_, UPDATE_BY_, UPDATE_TIME_) VALUES ('15', '4', 'mini-spinner', '数字输入框', 'mini-spinner', '数字输入框', 2, '0.15.', '0', '1', '1', NULL, '1', NULL);
INSERT INTO SYS_DIC (DIC_ID_, TYPE_ID_, KEY_, NAME_, VALUE_, DESCP_, SN_, PATH_, PARENT_ID_, TENANT_ID_, CREATE_BY_, CREATE_TIME_, UPDATE_BY_, UPDATE_TIME_) VALUES ('16', '4', 'mini-textarea', '多行文本控件', 'mini-textarea', '多行文本控件', 2, '0.16.', '0', '1', '1', NULL, '1', NULL);
INSERT INTO SYS_DIC (DIC_ID_, TYPE_ID_, KEY_, NAME_, VALUE_, DESCP_, SN_, PATH_, PARENT_ID_, TENANT_ID_, CREATE_BY_, CREATE_TIME_, UPDATE_BY_, UPDATE_TIME_) VALUES ('17', '4', 'mini-textbox', '文本控件', 'mini-textbox', '文本控件', 1, '0.17.', '0', '1', '1', NULL, '1', NULL);
INSERT INTO SYS_DIC (DIC_ID_, TYPE_ID_, KEY_, NAME_, VALUE_, DESCP_, SN_, PATH_, PARENT_ID_, TENANT_ID_, CREATE_BY_, CREATE_TIME_, UPDATE_BY_, UPDATE_TIME_) VALUES ('18', '4', 'mini-textboxlist', '多选输入框', 'mini-textboxlist', '多选输入框', 11, '0.18.', '0', '1', '1', NULL, '1', NULL);
INSERT INTO SYS_DIC (DIC_ID_, TYPE_ID_, KEY_, NAME_, VALUE_, DESCP_, SN_, PATH_, PARENT_ID_, TENANT_ID_, CREATE_BY_, CREATE_TIME_, UPDATE_BY_, UPDATE_TIME_) VALUES ('19', '4', 'mini-user', '人员选择框', 'mini-user', '人员选择框', 13, '0.19.', '0', '1', '1', NULL, '1', NULL);
INSERT INTO SYS_DIC (DIC_ID_, TYPE_ID_, KEY_, NAME_, VALUE_, DESCP_, SN_, PATH_, PARENT_ID_, TENANT_ID_, CREATE_BY_, CREATE_TIME_, UPDATE_BY_, UPDATE_TIME_) VALUES ('20', '6', 'ONLINE-DESIGN', '在线设计表单', 'ONLINE-DESIGN', '在线设计表单', 1, '0.20.', '0', '1', '1', NULL, NULL, NULL);
INSERT INTO SYS_DIC (DIC_ID_, TYPE_ID_, KEY_, NAME_, VALUE_, DESCP_, SN_, PATH_, PARENT_ID_, TENANT_ID_, CREATE_BY_, CREATE_TIME_, UPDATE_BY_, UPDATE_TIME_) VALUES ('21', '6', 'SELF-DEV', '自定义表单', 'SELF-DEV', '自定义表单', 2, '0.21.', '0', '1', '1', NULL, NULL, NULL);
INSERT INTO SYS_DIC (DIC_ID_, TYPE_ID_, KEY_, NAME_, VALUE_, DESCP_, SN_, PATH_, PARENT_ID_, TENANT_ID_, CREATE_BY_, CREATE_TIME_, UPDATE_BY_, UPDATE_TIME_) VALUES ('22', '4', 'upload-panel', '上传控件', 'upload-panel', '上传控件', 15, '0.22.', '0', '1', '1', NULL, '1', NULL);
INSERT INTO SYS_DIC (DIC_ID_, TYPE_ID_, KEY_, NAME_, VALUE_, DESCP_, SN_, PATH_, PARENT_ID_, TENANT_ID_, CREATE_BY_, CREATE_TIME_, UPDATE_BY_, UPDATE_TIME_) VALUES ('23', '5', 'onUrlValidation', 'URL', 'onUrlValidation', 'URL', 4, '0.23.', '0', '1', '1', NULL, '1', NULL);
INSERT INTO SYS_DIC (DIC_ID_, TYPE_ID_, KEY_, NAME_, VALUE_, DESCP_, SN_, PATH_, PARENT_ID_, TENANT_ID_, CREATE_BY_, CREATE_TIME_, UPDATE_BY_, UPDATE_TIME_) VALUES ('20000000141034', '20000000141033', 'C', 'C', 'C', '', 3, '0.20000000141034.', '0', '1', '1', NULL, NULL, NULL);
INSERT INTO SYS_DIC (DIC_ID_, TYPE_ID_, KEY_, NAME_, VALUE_, DESCP_, SN_, PATH_, PARENT_ID_, TENANT_ID_, CREATE_BY_, CREATE_TIME_, UPDATE_BY_, UPDATE_TIME_) VALUES ('20000000141035', '20000000141033', 'A', 'A', 'A', '', 1, '0.20000000141035.', '0', '1', '1', NULL, NULL, NULL);
INSERT INTO SYS_DIC (DIC_ID_, TYPE_ID_, KEY_, NAME_, VALUE_, DESCP_, SN_, PATH_, PARENT_ID_, TENANT_ID_, CREATE_BY_, CREATE_TIME_, UPDATE_BY_, UPDATE_TIME_) VALUES ('20000000141036', '20000000141033', 'B', 'B', 'B', '', 2, '0.20000000141036.', '0', '1', '1', NULL, NULL, NULL);
INSERT INTO SYS_DIC (DIC_ID_, TYPE_ID_, KEY_, NAME_, VALUE_, DESCP_, SN_, PATH_, PARENT_ID_, TENANT_ID_, CREATE_BY_, CREATE_TIME_, UPDATE_BY_, UPDATE_TIME_) VALUES ('20000000141039', '20000000141038', 'AAAAA', 'AAAAA', 'AAAAA', '', 1, '0.20000000141039.', '0', '1', '1', NULL, NULL, NULL);
INSERT INTO SYS_DIC (DIC_ID_, TYPE_ID_, KEY_, NAME_, VALUE_, DESCP_, SN_, PATH_, PARENT_ID_, TENANT_ID_, CREATE_BY_, CREATE_TIME_, UPDATE_BY_, UPDATE_TIME_) VALUES ('20000000141040', '20000000141038', 'AAAA', 'AAAA', 'AAAA', '', 2, '0.20000000141040.', '0', '1', '1', NULL, NULL, NULL);
INSERT INTO SYS_DIC (DIC_ID_, TYPE_ID_, KEY_, NAME_, VALUE_, DESCP_, SN_, PATH_, PARENT_ID_, TENANT_ID_, CREATE_BY_, CREATE_TIME_, UPDATE_BY_, UPDATE_TIME_) VALUES ('20000000141041', '20000000141038', 'AAA', 'AAA', 'AAA', '', 3, '0.20000000141041.', '0', '1', '1', NULL, NULL, NULL);
INSERT INTO SYS_DIC (DIC_ID_, TYPE_ID_, KEY_, NAME_, VALUE_, DESCP_, SN_, PATH_, PARENT_ID_, TENANT_ID_, CREATE_BY_, CREATE_TIME_, UPDATE_BY_, UPDATE_TIME_) VALUES ('20000000141042', '20000000141038', 'BBB', 'BBB', 'BBB', '', 7, '0.20000000141042.', '0', '1', '1', NULL, NULL, NULL);
INSERT INTO SYS_DIC (DIC_ID_, TYPE_ID_, KEY_, NAME_, VALUE_, DESCP_, SN_, PATH_, PARENT_ID_, TENANT_ID_, CREATE_BY_, CREATE_TIME_, UPDATE_BY_, UPDATE_TIME_) VALUES ('20000000141043', '20000000141038', 'BBBB', 'BBBB', 'BBBB', '', 6, '0.20000000141043.', '0', '1', '1', NULL, NULL, NULL);
INSERT INTO SYS_DIC (DIC_ID_, TYPE_ID_, KEY_, NAME_, VALUE_, DESCP_, SN_, PATH_, PARENT_ID_, TENANT_ID_, CREATE_BY_, CREATE_TIME_, UPDATE_BY_, UPDATE_TIME_) VALUES ('20000000141044', '20000000141038', 'A', 'A', 'A', '', 5, '0.20000000141044.', '0', '1', '1', NULL, NULL, NULL);
INSERT INTO SYS_DIC (DIC_ID_, TYPE_ID_, KEY_, NAME_, VALUE_, DESCP_, SN_, PATH_, PARENT_ID_, TENANT_ID_, CREATE_BY_, CREATE_TIME_, UPDATE_BY_, UPDATE_TIME_) VALUES ('20000000141045', '20000000141038', 'AA', 'AA', 'AA', '', 4, '0.20000000141045.', '0', '1', '1', NULL, NULL, NULL);
INSERT INTO SYS_DIC (DIC_ID_, TYPE_ID_, KEY_, NAME_, VALUE_, DESCP_, SN_, PATH_, PARENT_ID_, TENANT_ID_, CREATE_BY_, CREATE_TIME_, UPDATE_BY_, UPDATE_TIME_) VALUES ('20000000145001', '20000000141037', '一级经销商', '一级经销商', '一级经销商', '', 1, '0.20000000145001.', '0', '1', '1', NULL, NULL, NULL);
INSERT INTO SYS_DIC (DIC_ID_, TYPE_ID_, KEY_, NAME_, VALUE_, DESCP_, SN_, PATH_, PARENT_ID_, TENANT_ID_, CREATE_BY_, CREATE_TIME_, UPDATE_BY_, UPDATE_TIME_) VALUES ('20000000145002', '20000000141037', '二级经销商', '二级经销商', '二级经销商', '', 1, '0.20000000145002.', '0', '1', '1', NULL, NULL, NULL);
INSERT INTO SYS_DIC (DIC_ID_, TYPE_ID_, KEY_, NAME_, VALUE_, DESCP_, SN_, PATH_, PARENT_ID_, TENANT_ID_, CREATE_BY_, CREATE_TIME_, UPDATE_BY_, UPDATE_TIME_) VALUES ('20000000543059', '5', 'onIDCardsValidation', '身份证', 'onIDCardsValidation', '身份证', 1, '0.20000000543059.', '0', '1', '1', NULL, '1', NULL);
INSERT INTO SYS_DIC (DIC_ID_, TYPE_ID_, KEY_, NAME_, VALUE_, DESCP_, SN_, PATH_, PARENT_ID_, TENANT_ID_, CREATE_BY_, CREATE_TIME_, UPDATE_BY_, UPDATE_TIME_) VALUES ('20000000543060', '5', 'onEnglishAndNumberValidation', '英文与数字', 'onEnglishAndNumberValidation', '英文与数字', 1, '0.20000000543060.', '0', '1', '1', NULL, '1', NULL);
INSERT INTO SYS_DIC (DIC_ID_, TYPE_ID_, KEY_, NAME_, VALUE_, DESCP_, SN_, PATH_, PARENT_ID_, TENANT_ID_, CREATE_BY_, CREATE_TIME_, UPDATE_BY_, UPDATE_TIME_) VALUES ('20000000543061', '5', 'onKeyValidation', '英文开头的英文数字混合', 'onKeyValidation', '英文开头的英文数字混合', 1, '0.20000000543061.', '0', '1', '1', NULL, '1', NULL);
INSERT INTO SYS_DIC (DIC_ID_, TYPE_ID_, KEY_, NAME_, VALUE_, DESCP_, SN_, PATH_, PARENT_ID_, TENANT_ID_, CREATE_BY_, CREATE_TIME_, UPDATE_BY_, UPDATE_TIME_) VALUES ('20000000543062', '5', 'onPositiveIntegerValidation', '正整数', 'onPositiveIntegerValidation', '正整数', 1, '0.20000000543062.', '0', '1', '1', NULL, '1', NULL);
INSERT INTO SYS_DIC (DIC_ID_, TYPE_ID_, KEY_, NAME_, VALUE_, DESCP_, SN_, PATH_, PARENT_ID_, TENANT_ID_, CREATE_BY_, CREATE_TIME_, UPDATE_BY_, UPDATE_TIME_) VALUES ('20000000543063', '5', 'onNegtiveIntegerValidation', '负整数', 'onNegtiveIntegerValidation', '负整数', 1, '0.20000000543063.', '0', '1', '1', NULL, '1', NULL);
INSERT INTO SYS_DIC (DIC_ID_, TYPE_ID_, KEY_, NAME_, VALUE_, DESCP_, SN_, PATH_, PARENT_ID_, TENANT_ID_, CREATE_BY_, CREATE_TIME_, UPDATE_BY_, UPDATE_TIME_) VALUES ('20000000543064', '5', 'onFloatValidation', '正负浮点数', 'onFloatValidation', '正负浮点数', 1, '0.20000000543064.', '0', '1', '1', NULL, '1', NULL);
INSERT INTO SYS_DIC (DIC_ID_, TYPE_ID_, KEY_, NAME_, VALUE_, DESCP_, SN_, PATH_, PARENT_ID_, TENANT_ID_, CREATE_BY_, CREATE_TIME_, UPDATE_BY_, UPDATE_TIME_) VALUES ('20000000543065', '5', 'onPositiveFloatValidation', '正浮点数', 'onPositiveFloatValidation', '正浮点数', 1, '0.20000000543065.', '0', '1', '1', NULL, '1', NULL);
INSERT INTO SYS_DIC (DIC_ID_, TYPE_ID_, KEY_, NAME_, VALUE_, DESCP_, SN_, PATH_, PARENT_ID_, TENANT_ID_, CREATE_BY_, CREATE_TIME_, UPDATE_BY_, UPDATE_TIME_) VALUES ('20000000543066', '5', 'onNegtiveFloatValidatio', '负浮点数', 'onNegtiveFloatValidatio', '负浮点数', 1, '0.20000000543066.', '0', '1', '1', NULL, '1', NULL);
INSERT INTO SYS_DIC (DIC_ID_, TYPE_ID_, KEY_, NAME_, VALUE_, DESCP_, SN_, PATH_, PARENT_ID_, TENANT_ID_, CREATE_BY_, CREATE_TIME_, UPDATE_BY_, UPDATE_TIME_) VALUES ('20000000543067', '5', 'onChinesePostCodeValidation', '邮政编码', 'onChinesePostCodeValidation', '邮政编码', 1, '0.20000000543067.', '0', '1', '1', NULL, '1', NULL);
INSERT INTO SYS_DIC (DIC_ID_, TYPE_ID_, KEY_, NAME_, VALUE_, DESCP_, SN_, PATH_, PARENT_ID_, TENANT_ID_, CREATE_BY_, CREATE_TIME_, UPDATE_BY_, UPDATE_TIME_) VALUES ('20000000543068', '5', 'onChinsePhoneValidation', '固定电话', 'onChinsePhoneValidation', '固定电话', 1, '0.20000000543068.', '0', '1', '1', NULL, '1', NULL);
INSERT INTO SYS_DIC (DIC_ID_, TYPE_ID_, KEY_, NAME_, VALUE_, DESCP_, SN_, PATH_, PARENT_ID_, TENANT_ID_, CREATE_BY_, CREATE_TIME_, UPDATE_BY_, UPDATE_TIME_) VALUES ('20000000543069', '5', 'onChineseMobileValidation', '手机号', 'onChineseMobileValidation', '手机号', 1, '0.20000000543069.', '0', '1', '1', NULL, '1', NULL);
INSERT INTO SYS_DIC (DIC_ID_, TYPE_ID_, KEY_, NAME_, VALUE_, DESCP_, SN_, PATH_, PARENT_ID_, TENANT_ID_, CREATE_BY_, CREATE_TIME_, UPDATE_BY_, UPDATE_TIME_) VALUES ('20000000543070', '5', 'onIpValidation', ' IP', 'onIpValidation', ' IP', 1, '0.20000000543070.', '0', '1', '1', NULL, '1', NULL);
INSERT INTO SYS_DIC (DIC_ID_, TYPE_ID_, KEY_, NAME_, VALUE_, DESCP_, SN_, PATH_, PARENT_ID_, TENANT_ID_, CREATE_BY_, CREATE_TIME_, UPDATE_BY_, UPDATE_TIME_) VALUES ('20000000543071', '5', 'onQqValidation', 'QQ', 'onQqValidation', 'QQ', 1, '0.20000000543071.', '0', '1', '1', NULL, NULL, NULL);
INSERT INTO SYS_DIC (DIC_ID_, TYPE_ID_, KEY_, NAME_, VALUE_, DESCP_, SN_, PATH_, PARENT_ID_, TENANT_ID_, CREATE_BY_, CREATE_TIME_, UPDATE_BY_, UPDATE_TIME_) VALUES ('30000000000014', '30000000000010', 'dbdriver', 'driver', 'com.mysql.jdbc.Driver', 'driver驱动', 1, '0.30000000000014.', '0', '1', '1', NULL, '1', NULL);
INSERT INTO SYS_DIC (DIC_ID_, TYPE_ID_, KEY_, NAME_, VALUE_, DESCP_, SN_, PATH_, PARENT_ID_, TENANT_ID_, CREATE_BY_, CREATE_TIME_, UPDATE_BY_, UPDATE_TIME_) VALUES ('30000000000015', '30000000000011', 'dburl', 'url', 'jdbc:oracle:thin:@[host-name]:1521:[SID]', '数据库url', 1, '0.30000000000015.', '0', '1', '1', NULL, '1', NULL);
INSERT INTO SYS_DIC (DIC_ID_, TYPE_ID_, KEY_, NAME_, VALUE_, DESCP_, SN_, PATH_, PARENT_ID_, TENANT_ID_, CREATE_BY_, CREATE_TIME_, UPDATE_BY_, UPDATE_TIME_) VALUES ('30000000000016', '30000000000010', 'dburl', 'url', 'jdbc:mysql://[host-name]:3306/[database-name]', '数据库url', 1, '0.30000000000016.', '0', '1', '1', NULL, '1', NULL);
INSERT INTO SYS_DIC (DIC_ID_, TYPE_ID_, KEY_, NAME_, VALUE_, DESCP_, SN_, PATH_, PARENT_ID_, TENANT_ID_, CREATE_BY_, CREATE_TIME_, UPDATE_BY_, UPDATE_TIME_) VALUES ('30000000000017', '30000000000011', 'dbdriver', 'driver', 'oracle.jdbc.driver.OracleDriver', 'driver驱动', 1, '0.30000000000017.', '0', '1', '1', NULL, '1', NULL);
INSERT INTO SYS_DIC (DIC_ID_, TYPE_ID_, KEY_, NAME_, VALUE_, DESCP_, SN_, PATH_, PARENT_ID_, TENANT_ID_, CREATE_BY_, CREATE_TIME_, UPDATE_BY_, UPDATE_TIME_) VALUES ('30000000000023', '30000000000021', 'class', 'class', 'com.redxun', '', 1, '0.30000000000023.', '0', '1', '1', NULL, NULL, NULL);
INSERT INTO SYS_DIC (DIC_ID_, TYPE_ID_, KEY_, NAME_, VALUE_, DESCP_, SN_, PATH_, PARENT_ID_, TENANT_ID_, CREATE_BY_, CREATE_TIME_, UPDATE_BY_, UPDATE_TIME_) VALUES ('30000000000024', '30000000000021', 'cron', 'cron', '0/1 * * * * ?', '', 1, '0.30000000000024.', '0', '1', '1', NULL, NULL, NULL);
INSERT INTO SYS_DIC (DIC_ID_, TYPE_ID_, KEY_, NAME_, VALUE_, DESCP_, SN_, PATH_, PARENT_ID_, TENANT_ID_, CREATE_BY_, CREATE_TIME_, UPDATE_BY_, UPDATE_TIME_) VALUES ('210000000150045', '20000000141031', 'car', '车辆管理', '车辆', '', 1, '0.210000000150045.', '0', '1', '1', NULL, NULL, NULL);
INSERT INTO SYS_DIC (DIC_ID_, TYPE_ID_, KEY_, NAME_, VALUE_, DESCP_, SN_, PATH_, PARENT_ID_, TENANT_ID_, CREATE_BY_, CREATE_TIME_, UPDATE_BY_, UPDATE_TIME_) VALUES ('210000000150054', '210000000150053', '电动汽车', '电动汽车', '电动汽车', '', 1, '0.210000000150054.', '0', '1', '1', NULL, '1', NULL);
INSERT INTO SYS_DIC (DIC_ID_, TYPE_ID_, KEY_, NAME_, VALUE_, DESCP_, SN_, PATH_, PARENT_ID_, TENANT_ID_, CREATE_BY_, CREATE_TIME_, UPDATE_BY_, UPDATE_TIME_) VALUES ('210000000150055', '210000000150053', '轿车', '轿车', '轿车', '', 2, '0.210000000150055.', '0', '1', '1', NULL, '1', NULL);
INSERT INTO SYS_DIC (DIC_ID_, TYPE_ID_, KEY_, NAME_, VALUE_, DESCP_, SN_, PATH_, PARENT_ID_, TENANT_ID_, CREATE_BY_, CREATE_TIME_, UPDATE_BY_, UPDATE_TIME_) VALUES ('210000000150056', '210000000150053', '商务车', '商务车', '商务车', '', 3, '0.210000000150056.', '0', '1', '1', NULL, '1', NULL);
INSERT INTO SYS_DIC (DIC_ID_, TYPE_ID_, KEY_, NAME_, VALUE_, DESCP_, SN_, PATH_, PARENT_ID_, TENANT_ID_, CREATE_BY_, CREATE_TIME_, UPDATE_BY_, UPDATE_TIME_) VALUES ('210000000150057', '210000000150053', '越野车', '越野车', '越野车', '', 4, '0.210000000150057.', '0', '1', '1', NULL, '1', NULL);
INSERT INTO SYS_DIC (DIC_ID_, TYPE_ID_, KEY_, NAME_, VALUE_, DESCP_, SN_, PATH_, PARENT_ID_, TENANT_ID_, CREATE_BY_, CREATE_TIME_, UPDATE_BY_, UPDATE_TIME_) VALUES ('210000000150058', '210000000150053', '货车', '货车', '货车', '', 5, '0.210000000150058.', '0', '1', '1', NULL, NULL, NULL);
INSERT INTO SYS_DIC (DIC_ID_, TYPE_ID_, KEY_, NAME_, VALUE_, DESCP_, SN_, PATH_, PARENT_ID_, TENANT_ID_, CREATE_BY_, CREATE_TIME_, UPDATE_BY_, UPDATE_TIME_) VALUES ('210000002158019', '210000002117118', 'shijia', '事假', '事假', '', 1, '0.210000002158019.', '0', '1', '1', NULL, '1', NULL);
INSERT INTO SYS_DIC (DIC_ID_, TYPE_ID_, KEY_, NAME_, VALUE_, DESCP_, SN_, PATH_, PARENT_ID_, TENANT_ID_, CREATE_BY_, CREATE_TIME_, UPDATE_BY_, UPDATE_TIME_) VALUES ('210000002158020', '210000002117118', 'chanjia', '产假', '产假', '', 1, '0.210000002158020.', '0', '1', '1', NULL, NULL, NULL);
INSERT INTO SYS_DIC (DIC_ID_, TYPE_ID_, KEY_, NAME_, VALUE_, DESCP_, SN_, PATH_, PARENT_ID_, TENANT_ID_, CREATE_BY_, CREATE_TIME_, UPDATE_BY_, UPDATE_TIME_) VALUES ('210000002158021', '210000002117118', 'hunjia', '婚假', '婚假', '', 1, '0.210000002158021.', '0', '1', '1', NULL, NULL, NULL);
INSERT INTO SYS_DIC (DIC_ID_, TYPE_ID_, KEY_, NAME_, VALUE_, DESCP_, SN_, PATH_, PARENT_ID_, TENANT_ID_, CREATE_BY_, CREATE_TIME_, UPDATE_BY_, UPDATE_TIME_) VALUES ('210000002158022', '210000002117118', 'nianjia', '年假', '年假', '', 1, '0.210000002158022.', '0', '1', '1', NULL, NULL, NULL);
INSERT INTO SYS_DIC (DIC_ID_, TYPE_ID_, KEY_, NAME_, VALUE_, DESCP_, SN_, PATH_, PARENT_ID_, TENANT_ID_, CREATE_BY_, CREATE_TIME_, UPDATE_BY_, UPDATE_TIME_) VALUES ('210000002158023', '210000002117118', 'bingjia', '病假', '病假', '', 1, '0.210000002158023.', '0', '1', '1', NULL, NULL, NULL);
INSERT INTO SYS_DIC (DIC_ID_, TYPE_ID_, KEY_, NAME_, VALUE_, DESCP_, SN_, PATH_, PARENT_ID_, TENANT_ID_, CREATE_BY_, CREATE_TIME_, UPDATE_BY_, UPDATE_TIME_) VALUES ('210000002268016', '210000002268015', 'usual', '平常加班', '平常加班', '', 1, '0.210000002268016.', '0', '1', '1', NULL, '1', NULL);
INSERT INTO SYS_DIC (DIC_ID_, TYPE_ID_, KEY_, NAME_, VALUE_, DESCP_, SN_, PATH_, PARENT_ID_, TENANT_ID_, CREATE_BY_, CREATE_TIME_, UPDATE_BY_, UPDATE_TIME_) VALUES ('210000002268017', '210000002268015', 'rest', '休息日加班', '休息日加班', '', 1, '0.210000002268017.', '0', '1', '1', NULL, '1', NULL);
INSERT INTO SYS_DIC (DIC_ID_, TYPE_ID_, KEY_, NAME_, VALUE_, DESCP_, SN_, PATH_, PARENT_ID_, TENANT_ID_, CREATE_BY_, CREATE_TIME_, UPDATE_BY_, UPDATE_TIME_) VALUES ('210000002268018', '210000002268015', 'festival', '节假日加班', '节假日加班', '', 1, '0.210000002268018.', '0', '1', '1', NULL, NULL, NULL);
INSERT INTO SYS_DIC (DIC_ID_, TYPE_ID_, KEY_, NAME_, VALUE_, DESCP_, SN_, PATH_, PARENT_ID_, TENANT_ID_, CREATE_BY_, CREATE_TIME_, UPDATE_BY_, UPDATE_TIME_) VALUES ('210000002268190', '210000002268189', 'JBTX', '加班调休', '加班调休', '', 2, '0.210000002268190.', '0', '1', '1', NULL, '1', NULL);
INSERT INTO SYS_DIC (DIC_ID_, TYPE_ID_, KEY_, NAME_, VALUE_, DESCP_, SN_, PATH_, PARENT_ID_, TENANT_ID_, CREATE_BY_, CREATE_TIME_, UPDATE_BY_, UPDATE_TIME_) VALUES ('210000002268191', '210000002268189', 'NJTX', '年假调休', '年假调休', '', 1, '0.210000002268191.', '0', '1', '1', NULL, '1', NULL);
INSERT INTO SYS_DIC (DIC_ID_, TYPE_ID_, KEY_, NAME_, VALUE_, DESCP_, SN_, PATH_, PARENT_ID_, TENANT_ID_, CREATE_BY_, CREATE_TIME_, UPDATE_BY_, UPDATE_TIME_) VALUES ('210000002268192', '210000002268189', 'ZDTX', '指定调休', '指定调休', '', 3, '0.210000002268192.', '0', '1', '1', NULL, NULL, NULL);
INSERT INTO SYS_DIC (DIC_ID_, TYPE_ID_, KEY_, NAME_, VALUE_, DESCP_, SN_, PATH_, PARENT_ID_, TENANT_ID_, CREATE_BY_, CREATE_TIME_, UPDATE_BY_, UPDATE_TIME_) VALUES ('210000002296001', '210000002296000', 'pay', '支付加班费', '支付加班费', '', 1, '0.210000002296001.', '0', '1', '1', NULL, '1', NULL);
INSERT INTO SYS_DIC (DIC_ID_, TYPE_ID_, KEY_, NAME_, VALUE_, DESCP_, SN_, PATH_, PARENT_ID_, TENANT_ID_, CREATE_BY_, CREATE_TIME_, UPDATE_BY_, UPDATE_TIME_) VALUES ('210000002296003', '210000002296000', 'trans', '加班调休', '加班调休', '', 1, '0.210000002296003.', '0', '1', '1', NULL, NULL, NULL);
INSERT INTO SYS_DIC (DIC_ID_, TYPE_ID_, KEY_, NAME_, VALUE_, DESCP_, SN_, PATH_, PARENT_ID_, TENANT_ID_, CREATE_BY_, CREATE_TIME_, UPDATE_BY_, UPDATE_TIME_) VALUES ('1310000000000001', '30000000000010', 'dbname', 'name', '*Mysql', 'mysql', 1, '0.1310000000000001.', '0', '1', '1', NULL, '1', NULL);
INSERT INTO SYS_DIC (DIC_ID_, TYPE_ID_, KEY_, NAME_, VALUE_, DESCP_, SN_, PATH_, PARENT_ID_, TENANT_ID_, CREATE_BY_, CREATE_TIME_, UPDATE_BY_, UPDATE_TIME_) VALUES ('1310000000000002', '30000000000011', 'dbname', 'name', '*Oracle', 'oracle', 1, '0.1310000000000002.', '0', '1', '1', NULL, '1', NULL);
INSERT INTO SYS_DIC (DIC_ID_, TYPE_ID_, KEY_, NAME_, VALUE_, DESCP_, SN_, PATH_, PARENT_ID_, TENANT_ID_, CREATE_BY_, CREATE_TIME_, UPDATE_BY_, UPDATE_TIME_) VALUES ('3140000000000001', '4', 'mini-hidden', '隐藏域', 'mini-hidden', '隐藏域', 16, '0.3140000000000001.', '0', '1', '1', NULL, NULL, NULL);
INSERT INTO SYS_DIC (DIC_ID_, TYPE_ID_, KEY_, NAME_, VALUE_, DESCP_, SN_, PATH_, PARENT_ID_, TENANT_ID_, CREATE_BY_, CREATE_TIME_, UPDATE_BY_, UPDATE_TIME_) VALUES ('6620000000000005', '6620000000000003', 'upturn style', '上行文', 'upturn style', '上行文', 1, '0.6620000000000005.', '0', '1', '1', NULL, '1', NULL);
INSERT INTO SYS_DIC (DIC_ID_, TYPE_ID_, KEY_, NAME_, VALUE_, DESCP_, SN_, PATH_, PARENT_ID_, TENANT_ID_, CREATE_BY_, CREATE_TIME_, UPDATE_BY_, UPDATE_TIME_) VALUES ('6620000000000006', '6620000000000003', 'report', '报告', 'report', '报告', 1, '0.6620000000000005.6620000000000006.', '6620000000000005', '1', '1', NULL, '1', NULL);
INSERT INTO SYS_DIC (DIC_ID_, TYPE_ID_, KEY_, NAME_, VALUE_, DESCP_, SN_, PATH_, PARENT_ID_, TENANT_ID_, CREATE_BY_, CREATE_TIME_, UPDATE_BY_, UPDATE_TIME_) VALUES ('6620000000000007', '6620000000000003', 'request', '请示', 'request', '请示', 1, '0.6620000000000005.6620000000000007.', '6620000000000005', '1', '1', NULL, '1', NULL);
INSERT INTO SYS_DIC (DIC_ID_, TYPE_ID_, KEY_, NAME_, VALUE_, DESCP_, SN_, PATH_, PARENT_ID_, TENANT_ID_, CREATE_BY_, CREATE_TIME_, UPDATE_BY_, UPDATE_TIME_) VALUES ('6620000000000008', '6620000000000003', 'proposal', '议案', 'proposal', '议案', 1, '0.6620000000000005.6620000000000008.', '6620000000000005', '1', '1', NULL, '1', NULL);
INSERT INTO SYS_DIC (DIC_ID_, TYPE_ID_, KEY_, NAME_, VALUE_, DESCP_, SN_, PATH_, PARENT_ID_, TENANT_ID_, CREATE_BY_, CREATE_TIME_, UPDATE_BY_, UPDATE_TIME_) VALUES ('6620000000000009', '6620000000000003', 'sign', '签报', 'sign', '签报', 1, '0.6620000000000005.6620000000000009.', '6620000000000005', '1', '1', NULL, '1', NULL);
INSERT INTO SYS_DIC (DIC_ID_, TYPE_ID_, KEY_, NAME_, VALUE_, DESCP_, SN_, PATH_, PARENT_ID_, TENANT_ID_, CREATE_BY_, CREATE_TIME_, UPDATE_BY_, UPDATE_TIME_) VALUES ('6620000000000010', '6620000000000003', 'down_words_style', '下行文', 'down_words_style', '下行文', 1, '0.6620000000000010.', '0', '1', '1', NULL, '1', NULL);
INSERT INTO SYS_DIC (DIC_ID_, TYPE_ID_, KEY_, NAME_, VALUE_, DESCP_, SN_, PATH_, PARENT_ID_, TENANT_ID_, CREATE_BY_, CREATE_TIME_, UPDATE_BY_, UPDATE_TIME_) VALUES ('6620000000000011', '6620000000000003', 'order', '命令', 'order', '命令', 1, '0.6620000000000010.6620000000000011.', '6620000000000010', '1', '1', NULL, '1', NULL);
INSERT INTO SYS_DIC (DIC_ID_, TYPE_ID_, KEY_, NAME_, VALUE_, DESCP_, SN_, PATH_, PARENT_ID_, TENANT_ID_, CREATE_BY_, CREATE_TIME_, UPDATE_BY_, UPDATE_TIME_) VALUES ('6620000000000012', '6620000000000003', 'design', '决定', 'design', '决定', 1, '0.6620000000000010.6620000000000012.', '6620000000000010', '1', '1', NULL, '1', NULL);
INSERT INTO SYS_DIC (DIC_ID_, TYPE_ID_, KEY_, NAME_, VALUE_, DESCP_, SN_, PATH_, PARENT_ID_, TENANT_ID_, CREATE_BY_, CREATE_TIME_, UPDATE_BY_, UPDATE_TIME_) VALUES ('6620000000000013', '6620000000000003', 'notice', '公告', 'notice', '公告', 1, '0.6620000000000010.6620000000000013.', '6620000000000010', '1', '1', NULL, '1', NULL);
INSERT INTO SYS_DIC (DIC_ID_, TYPE_ID_, KEY_, NAME_, VALUE_, DESCP_, SN_, PATH_, PARENT_ID_, TENANT_ID_, CREATE_BY_, CREATE_TIME_, UPDATE_BY_, UPDATE_TIME_) VALUES ('6620000000000014', '6620000000000003', 'annunciate', '通告', 'annunciate', '通告', 1, '0.6620000000000010.6620000000000014.', '6620000000000010', '1', '1', NULL, '1', NULL);
INSERT INTO SYS_DIC (DIC_ID_, TYPE_ID_, KEY_, NAME_, VALUE_, DESCP_, SN_, PATH_, PARENT_ID_, TENANT_ID_, CREATE_BY_, CREATE_TIME_, UPDATE_BY_, UPDATE_TIME_) VALUES ('6620000000000015', '6620000000000003', 'inform', '通知', 'inform', '通知', 1, '0.6620000000000010.6620000000000015.', '6620000000000010', '1', '1', NULL, '1', NULL);
INSERT INTO SYS_DIC (DIC_ID_, TYPE_ID_, KEY_, NAME_, VALUE_, DESCP_, SN_, PATH_, PARENT_ID_, TENANT_ID_, CREATE_BY_, CREATE_TIME_, UPDATE_BY_, UPDATE_TIME_) VALUES ('6620000000000016', '6620000000000003', 'Bulletin', '通报', 'Bulletin', '通报', 1, '0.6620000000000010.6620000000000016.', '6620000000000010', '1', '1', NULL, '1', NULL);
INSERT INTO SYS_DIC (DIC_ID_, TYPE_ID_, KEY_, NAME_, VALUE_, DESCP_, SN_, PATH_, PARENT_ID_, TENANT_ID_, CREATE_BY_, CREATE_TIME_, UPDATE_BY_, UPDATE_TIME_) VALUES ('6620000000000017', '6620000000000003', 'reply', '批复', 'reply', '批复', 1, '0.6620000000000010.6620000000000017.', '6620000000000010', '1', '1', NULL, '1', NULL);
INSERT INTO SYS_DIC (DIC_ID_, TYPE_ID_, KEY_, NAME_, VALUE_, DESCP_, SN_, PATH_, PARENT_ID_, TENANT_ID_, CREATE_BY_, CREATE_TIME_, UPDATE_BY_, UPDATE_TIME_) VALUES ('6620000000000018', '6620000000000003', 'Meeting_minutes', '会议纪要', 'Meeting_minutes', '会议纪要', 1, '0.6620000000000010.6620000000000018.', '6620000000000010', '1', '1', NULL, '1', NULL);
INSERT INTO SYS_DIC (DIC_ID_, TYPE_ID_, KEY_, NAME_, VALUE_, DESCP_, SN_, PATH_, PARENT_ID_, TENANT_ID_, CREATE_BY_, CREATE_TIME_, UPDATE_BY_, UPDATE_TIME_) VALUES ('6620000000000019', '6620000000000003', 'document_received', '来文', 'document_received', '来文', 1, '0.6620000000000019.', '0', '1', '1', NULL, '1', NULL);
INSERT INTO SYS_DIC (DIC_ID_, TYPE_ID_, KEY_, NAME_, VALUE_, DESCP_, SN_, PATH_, PARENT_ID_, TENANT_ID_, CREATE_BY_, CREATE_TIME_, UPDATE_BY_, UPDATE_TIME_) VALUES ('6620000000000020', '6620000000000003', 'other', '其他', 'other', '其他', 1, '0.6620000000000020.', '0', '1', '1', NULL, '1', NULL);
INSERT INTO SYS_DIC (DIC_ID_, TYPE_ID_, KEY_, NAME_, VALUE_, DESCP_, SN_, PATH_, PARENT_ID_, TENANT_ID_, CREATE_BY_, CREATE_TIME_, UPDATE_BY_, UPDATE_TIME_) VALUES ('6620000000000021', '6620000000000003', 'parallelDoc', '平行文', 'parallelDoc', '平行文', 1, '0.6620000000000021.', '0', '1', '1', NULL, '1', NULL);


-- 12 用户与组关系类型
INSERT INTO OS_REL_TYPE (ID_, NAME_, KEY_, REL_TYPE_, CONST_TYPE_, PARTY1_, PARTY2_, DIM_ID1_, DIM_ID2_, STATUS_, IS_SYSTEM_, IS_DEFAULT_, IS_TWO_WAY_, MEMO_, CREATE_BY_, CREATE_TIME_, TENANT_ID_, UPDATE_BY_, UPDATE_TIME_) VALUES ('1', '组内用户', 'GROUP-USER-BELONG', 'GROUP-USER', 'ONE-MANY', 'GROUP', 'USER', NULL, NULL, 'ENABLED', 'YES', 'YES', 'NO', '用户从属于用户组的关系', NULL, NULL, '0', NULL, NULL);
INSERT INTO OS_REL_TYPE (ID_, NAME_, KEY_, REL_TYPE_, CONST_TYPE_, PARTY1_, PARTY2_, DIM_ID1_, DIM_ID2_, STATUS_, IS_SYSTEM_, IS_DEFAULT_, IS_TWO_WAY_, MEMO_, CREATE_BY_, CREATE_TIME_, TENANT_ID_, UPDATE_BY_, UPDATE_TIME_) VALUES ('2', '组负责人', 'GROUP-USER-LEADER', 'GROUP-USER', 'ONE-MANY', 'GROUP', 'LEADER', '1', NULL, 'ENABLED', 'YES', 'YES', 'NO', '用户作为组的负责人', NULL, NULL, '0', '1', NULL);
INSERT INTO OS_REL_TYPE (ID_, NAME_, KEY_, REL_TYPE_, CONST_TYPE_, PARTY1_, PARTY2_, DIM_ID1_, DIM_ID2_, STATUS_, IS_SYSTEM_, IS_DEFAULT_, IS_TWO_WAY_, MEMO_, CREATE_BY_, CREATE_TIME_, TENANT_ID_, UPDATE_BY_, UPDATE_TIME_) VALUES ('3', '上下级', 'USER-UP-LOWER', 'USER-USER', 'ONE-ONE', 'UPPER', 'LOWER', NULL, NULL, 'ENABLED', 'YES', 'YES', 'NO', '用户的下属', NULL, NULL, '0', '1', NULL);
INSERT INTO OS_REL_TYPE (ID_, NAME_, KEY_, REL_TYPE_, CONST_TYPE_, PARTY1_, PARTY2_, DIM_ID1_, DIM_ID2_, STATUS_, IS_SYSTEM_, IS_DEFAULT_, IS_TWO_WAY_, MEMO_, CREATE_BY_, CREATE_TIME_, TENANT_ID_, UPDATE_BY_, UPDATE_TIME_) VALUES ('4', '岗位', 'GROUP-DEP-POS', 'GROUP-GROUP', 'ONE-ONE', 'DEPARTMENT', 'POSITION', '1', '3', 'ENABLED', 'YES', 'YES', 'NO', '部门下的职位', NULL, NULL, '0', '1', NULL);


-- 13. Portal 初始化数据
INSERT INTO INS_PORTAL (PORT_ID_, NAME_, KEY_, COL_NUMS_, COL_WIDTHS_, IS_DEFAULT_, DESC_, USER_ID_, TENANT_ID_, CREATE_BY_, CREATE_TIME_, UPDATE_BY_, UPDATE_TIME_) VALUES ('1', '公司全局', 'GLOBAL-COMPANY', 3, '350,100%,350', 'YES', NULL, NULL, '0', '1', NULL, '1', NULL);
INSERT INTO INS_PORTAL (PORT_ID_, NAME_, KEY_, COL_NUMS_, COL_WIDTHS_, IS_DEFAULT_, DESC_, USER_ID_, TENANT_ID_, CREATE_BY_, CREATE_TIME_, UPDATE_BY_, UPDATE_TIME_) VALUES ('2', '个人全局', 'GLOBAL-PERSONAL', 2, '280,500,280', 'YES', '', NULL, '0', '1', NULL, '1', NULL);


-- 14. 栏目类型
INSERT INTO INS_COL_TYPE (TYPE_ID_, NAME_, KEY_, URL_, MORE_URL_, MEMO_, CREATE_TIME_, CREATE_BY_, UPDATE_TIME_, UPDATE_BY_, TENANT_ID_, load_type_, temp_id_, temp_name_, icon_cls_) VALUES ('1', '待办事件', 'myList', '/oa/info/insNews/myList.do?pageSize={pageSize}', '/bpm/core/bpmTask/myList.do', '', NULL, '1', NULL, '1', '1', 'TEMPLATE', 'bpmMyTasks', '我的待办', 'icon-task');
INSERT INTO INS_COL_TYPE (TYPE_ID_, NAME_, KEY_, URL_, MORE_URL_, MEMO_, CREATE_TIME_, CREATE_BY_, UPDATE_TIME_, UPDATE_BY_, TENANT_ID_, load_type_, temp_id_, temp_name_, icon_cls_) VALUES ('2', '消息', 'Msg', '/oa/info/insNews/msg.do?pageSize={pageSize}', '/oa/info/infInbox/receive.do', '消息栏目', NULL, '1', NULL, '1', '1', 'TEMPLATE', 'msg', '内部短消息', 'icon-commute');
INSERT INTO INS_COL_TYPE (TYPE_ID_, NAME_, KEY_, URL_, MORE_URL_, MEMO_, CREATE_TIME_, CREATE_BY_, UPDATE_TIME_, UPDATE_BY_, TENANT_ID_, load_type_, temp_id_, temp_name_, icon_cls_) VALUES ('3', '外部邮件', 'outMail', '/oa/info/insNews/outMail.do?pageSize={pageSize}', '/oa/mail/mailConfig/getAllConfig.do', '', NULL, '1', NULL, '1', '1', 'TEMPLATE', 'outMail', '外部邮件', 'icon-mail');
INSERT INTO INS_COL_TYPE (TYPE_ID_, NAME_, KEY_, URL_, MORE_URL_, MEMO_, CREATE_TIME_, CREATE_BY_, UPDATE_TIME_, UPDATE_BY_, TENANT_ID_, load_type_, temp_id_, temp_name_, icon_cls_) VALUES ('4', '内部邮件', 'innerMail', '/oa/info/insNews/inMail.do?pageSize={pageSize}', '/oa/mail/mailBox/list.do', '', NULL, '1', NULL, '1', '1', 'TEMPLATE', 'inMail', '内部邮件', 'icon-mail');
INSERT INTO INS_COL_TYPE (TYPE_ID_, NAME_, KEY_, URL_, MORE_URL_, MEMO_, CREATE_TIME_, CREATE_BY_, UPDATE_TIME_, UPDATE_BY_, TENANT_ID_, load_type_, temp_id_, temp_name_, icon_cls_) VALUES ('5', '新闻、公告', 'news', '/oa/info/insNews/list2.do?colId={colId}&pageSize={pageSize}', '/oa/info/insNews/byColId.do?colId={colId}&portal=YES', '新闻公告栏目', NULL, '1', NULL, '1', '1', 'TEMPLATE', 'news', '公司公告', 'icon-detail');
INSERT INTO INS_COL_TYPE (TYPE_ID_, NAME_, KEY_, URL_, MORE_URL_, MEMO_, CREATE_TIME_, CREATE_BY_, UPDATE_TIME_, UPDATE_BY_, TENANT_ID_, load_type_, temp_id_, temp_name_, icon_cls_) VALUES ('6', '流程申请', 'bpmSol', '/oa/info/insNews/bpmSol.do?pageSize={pageSize}', '/oa/personal/bpmSolApply/myList.do', '', NULL, '1', NULL, '1', '1', 'TEMPLATE', 'bpmSolutionPortal', '流程申请', 'icon-start');
INSERT INTO INS_COL_TYPE (TYPE_ID_, NAME_, KEY_, URL_, MORE_URL_, MEMO_, CREATE_TIME_, CREATE_BY_, UPDATE_TIME_, UPDATE_BY_, TENANT_ID_, load_type_, temp_id_, temp_name_, icon_cls_) VALUES ('210000000066005', '知识文档', 'KdDoc', '/oa/info/insNews/kdDoc.do', '/kms/core/kdDoc/home.do', '', NULL, '1', NULL, '1', '1', 'TEMPLATE', 'kdDoc', '知识文库', 'icon-task');
INSERT INTO INS_COL_TYPE (TYPE_ID_, NAME_, KEY_, URL_, MORE_URL_, MEMO_, CREATE_TIME_, CREATE_BY_, UPDATE_TIME_, UPDATE_BY_, TENANT_ID_, load_type_, temp_id_, temp_name_, icon_cls_) VALUES ('210000000202022', '个人文档', 'document', '/oa/info/insNews/doc.do?pageSize={pageSize}', '/oa/doc/docFolder/list.do', '', NULL, '1', NULL, '1', '1', 'TEMPLATE', 'doc', '个人文档', 'icon-document');

-- 15. 栏目数据
INSERT INTO INS_COLUMN (COL_ID_, TYPE_ID_, NAME_, KEY_, URL_, ENABLED_, NUMS_OF_PAGE_, ALLOW_CLOSE_, COL_TYPE_, TENANT_ID_, CREATE_BY_, CREATE_TIME_, UPDATE_BY_, UPDATE_TIME_) VALUES ('20000000004002', '5', '公司公告', 'company', NULL, 'ENABLED', 7, 'NO', '新闻、公告', '1', '1', NULL, '1', NULL);
INSERT INTO INS_COLUMN (COL_ID_, TYPE_ID_, NAME_, KEY_, URL_, ENABLED_, NUMS_OF_PAGE_, ALLOW_CLOSE_, COL_TYPE_, TENANT_ID_, CREATE_BY_, CREATE_TIME_, UPDATE_BY_, UPDATE_TIME_) VALUES ('20000000007001', '2', '我的消息', 'myMsg', NULL, 'ENABLED', 7, 'NO', '消息', '1', '1', NULL, '1', NULL);
INSERT INTO INS_COLUMN (COL_ID_, TYPE_ID_, NAME_, KEY_, URL_, ENABLED_, NUMS_OF_PAGE_, ALLOW_CLOSE_, COL_TYPE_, TENANT_ID_, CREATE_BY_, CREATE_TIME_, UPDATE_BY_, UPDATE_TIME_) VALUES ('20000000014001', '4', '内部邮件', 'innerMail', NULL, 'ENABLED', 7, 'YES', '内部邮件', '1', '1', NULL, '1', NULL);	
INSERT INTO INS_COLUMN (COL_ID_, TYPE_ID_, NAME_, KEY_, URL_, ENABLED_, NUMS_OF_PAGE_, ALLOW_CLOSE_, COL_TYPE_, TENANT_ID_, CREATE_BY_, CREATE_TIME_, UPDATE_BY_, UPDATE_TIME_) VALUES ('20000000099097', '6', '流程申请', 'solApply', NULL, 'ENABLED', 7, 'YES', '流程申请', '1', '1', NULL, '1', NULL);
INSERT INTO INS_COLUMN (COL_ID_, TYPE_ID_, NAME_, KEY_, URL_, ENABLED_, NUMS_OF_PAGE_, ALLOW_CLOSE_, COL_TYPE_, TENANT_ID_, CREATE_BY_, CREATE_TIME_, UPDATE_BY_, UPDATE_TIME_) VALUES ('20000000167026', '1', '我的待办', 'MyTask', NULL, 'ENABLED', 5, 'YES', '待办事件', '1', '1', NULL, '1', NULL);
INSERT INTO INS_COLUMN (COL_ID_, TYPE_ID_, NAME_, KEY_, URL_, ENABLED_, NUMS_OF_PAGE_, ALLOW_CLOSE_, COL_TYPE_, TENANT_ID_, CREATE_BY_, CREATE_TIME_, UPDATE_BY_, UPDATE_TIME_) VALUES ('210000000066006', '210000000066005', '知识文库', 'kdDoc', NULL, 'ENABLED', 5, 'YES', '知识文档', '1', '1', NULL, '1', NULL);
INSERT INTO INS_COLUMN (COL_ID_, TYPE_ID_, NAME_, KEY_, URL_, ENABLED_, NUMS_OF_PAGE_, ALLOW_CLOSE_, COL_TYPE_, TENANT_ID_, CREATE_BY_, CREATE_TIME_, UPDATE_BY_, UPDATE_TIME_) VALUES ('210000000202023', '210000000202022', '个人文档', 'document', NULL, 'ENABLED', 7, 'YES', '个人文档', '1', '1', NULL, NULL, NULL);
INSERT INTO INS_COLUMN (COL_ID_, TYPE_ID_, NAME_, KEY_, URL_, ENABLED_, NUMS_OF_PAGE_, ALLOW_CLOSE_, COL_TYPE_, TENANT_ID_, CREATE_BY_, CREATE_TIME_, UPDATE_BY_, UPDATE_TIME_) VALUES ('210000000335008', '3', '外部邮件', 'outMail', NULL, 'ENABLED', 5, 'YES', '外部邮件', '1', '1', NULL, NULL, NULL);


-- 16. 把主键从高位置重新计算
INSERT INTO MI_DB_ID (ID_, START_, MAX_, MAC_NAME_) VALUES (240, 1, 1000, '1');

commit;